Trading Day,Date,Open,High,Low,Close,Volume,Dividends,Stock Splits,date_only,Close_ema_12,Close_ema_26,macd,macd_ema_9,symbol,created_on
1,2023-07-13 00:00:00+05:30,278.5,282.0,270.0,271.8999938964844,416791,0.0,0.0,2023-07-13,266.38191089113,253.5879334004486,12.793977490681414,13.968666558600619,DCXINDIA.NS,2023-07-14 07:42:39.996465
2,2023-07-12 00:00:00+05:30,276.6000061035156,283.5,274.0,276.1000061035156,712036,0.0,0.0,2023-07-12,265.3786230719747,252.12296856076574,13.255654511208945,14.26233882558042,DCXINDIA.NS,2023-07-14 07:42:39.996465
3,2023-07-11 00:00:00+05:30,266.0,279.6499938964844,266.0,274.8500061035156,612380,0.0,0.0,2023-07-11,263.4292807026036,250.20480555734574,13.224475145257856,14.514009904173287,DCXINDIA.NS,2023-07-14 07:42:39.996465
4,2023-07-10 00:00:00+05:30,268.8999938964844,273.3999938964844,262.25,263.45001220703125,200982,0.0,0.0,2023-07-10,261.352785175165,248.23318951365215,13.119595661512875,14.836393593902143,DCXINDIA.NS,2023-07-14 07:42:39.996465
5,2023-07-07 00:00:00+05:30,269.3999938964844,271.0,261.29998779296875,266.25,197370,0.0,0.0,2023-07-07,260.97147116937117,247.01584369818184,13.955627471189331,15.265593076999458,DCXINDIA.NS,2023-07-14 07:42:39.996465
6,2023-07-06 00:00:00+05:30,273.8999938964844,274.29998779296875,266.0,268.20001220703125,232708,0.0,0.0,2023-07-06,260.0117386547114,245.47711119403638,14.534627460675011,15.59308447845199,DCXINDIA.NS,2023-07-14 07:42:39.996465
7,2023-07-05 00:00:00+05:30,270.70001220703125,276.1000061035156,265.1000061035156,271.6000061035156,570301,0.0,0.0,2023-07-05,258.52296164519873,243.6592791129968,14.86368253220192,15.857698732896234,DCXINDIA.NS,2023-07-14 07:42:39.996465
8,2023-07-04 00:00:00+05:30,253.4499969482422,270.0,253.39999389648438,268.54998779296875,632260,0.0,0.0,2023-07-04,256.145317198232,241.4240209537553,14.721296244476719,16.10620278306981,DCXINDIA.NS,2023-07-14 07:42:39.996465
9,2023-07-03 00:00:00+05:30,256.0,261.75,252.0,253.39999389648438,404814,0.0,0.0,2023-07-03,253.88992254464353,239.25394360661824,14.63597893802529,16.452429417718083,DCXINDIA.NS,2023-07-14 07:42:39.996465
10,2023-06-30 00:00:00+05:30,260.0,261.8999938964844,254.0500030517578,255.64999389648438,238007,0.0,0.0,2023-06-30,253.97900048067248,238.12225958342896,15.856740897243526,16.90654203764128,DCXINDIA.NS,2023-07-14 07:42:39.996465
11,2023-06-27 00:00:00+05:30,256.0,264.3500061035156,256.0,261.45001220703125,338272,0.0,0.0,2023-06-27,253.67518349597944,236.7200408383845,16.955142657594934,17.168992322740717,DCXINDIA.NS,2023-07-14 07:42:39.996465
12,2023-06-26 00:00:00+05:30,259.0,264.3500061035156,250.39999389648438,252.5,380166,0.0,0.0,2023-06-26,252.26157827578822,234.74164312889278,17.51993514689545,17.22245473902716,DCXINDIA.NS,2023-07-14 07:42:39.996465
13,2023-06-23 00:00:00+05:30,255.0,265.79998779296875,251.0500030517578,262.1499938964844,626482,0.0,0.0,2023-06-23,252.2182288713861,233.3209745792042,18.897254292181884,17.148084637060087,DCXINDIA.NS,2023-07-14 07:42:39.996465
14,2023-06-22 00:00:00+05:30,266.95001220703125,269.70001220703125,252.25,258.20001220703125,842714,0.0,0.0,2023-06-22,250.4124534122773,231.0146530338218,19.397800378455514,16.71079222327964,DCXINDIA.NS,2023-07-14 07:42:39.996465
15,2023-06-21 00:00:00+05:30,283.45001220703125,286.25,265.0,267.70001220703125,1489539,0.0,0.0,2023-06-21,248.99653363141294,228.83982429996502,20.156709331447928,16.039040184485668,DCXINDIA.NS,2023-07-14 07:42:39.996465
16,2023-06-20 00:00:00+05:30,281.8999938964844,294.3999938964844,275.1499938964844,282.04998779296875,2798007,0.0,0.0,2023-06-20,245.5959011631187,225.7310092673997,19.864891895718984,15.009622897745102,DCXINDIA.NS,2023-07-14 07:42:39.996465
17,2023-06-19 00:00:00+05:30,252.8000030517578,285.6000061035156,251.8000030517578,280.75,3239193,0.0,0.0,2023-06-19,238.96788541223685,221.2254909853542,17.74239442688264,13.79580564825163,DCXINDIA.NS,2023-07-14 07:42:39.996465
18,2023-06-16 00:00:00+05:30,248.0500030517578,255.4499969482422,247.10000610351562,250.89999389648438,1088341,0.0,0.0,2023-06-16,231.3711373053708,216.46353026418254,14.907607041188271,12.809158453593875,DCXINDIA.NS,2023-07-14 07:42:39.996465
19,2023-06-15 00:00:00+05:30,235.39999389648438,249.0,233.89999389648438,246.25,1811780,0.0,0.0,2023-06-15,227.82043610698653,213.7086131735984,14.11182293338814,12.284546306695276,DCXINDIA.NS,2023-07-14 07:42:39.996465
20,2023-06-14 00:00:00+05:30,234.39999389648438,236.89999389648438,231.5,234.64999389648438,468957,0.0,0.0,2023-06-14,224.4696063082568,211.10530222748628,13.364304080770523,11.82772715002206,DCXINDIA.NS,2023-07-14 07:42:39.996465
21,2023-06-13 00:00:00+05:30,243.0,243.0,231.3000030517578,233.5,929610,0.0,0.0,2023-06-13,222.6186267467609,209.22172689396643,13.396899852794462,11.443582917334943,DCXINDIA.NS,2023-07-14 07:42:39.996465
22,2023-06-12 00:00:00+05:30,228.8000030517578,240.9499969482422,227.6999969482422,238.14999389648438,1562708,0.0,0.0,2023-06-12,220.64019524617197,207.27946504548373,13.360730200688238,10.955253683470062,DCXINDIA.NS,2023-07-14 07:42:39.996465
23,2023-06-09 00:00:00+05:30,230.0,233.39999389648438,226.25,227.89999389648438,740395,0.0,0.0,2023-06-09,217.45659549156971,204.80982273740366,12.64677275416605,10.353884554165518,DCXINDIA.NS,2023-07-14 07:42:39.996465
24,2023-06-08 00:00:00+05:30,232.85000610351562,235.0,226.6999969482422,229.0500030517578,618060,0.0,0.0,2023-06-08,215.55779578158524,202.9626090446772,12.595186736908033,9.780662504165385,DCXINDIA.NS,2023-07-14 07:42:39.996465
25,2023-06-07 00:00:00+05:30,229.0,234.5,226.4499969482422,231.9499969482422,1063008,0.0,0.0,2023-06-07,213.10466718700843,200.87561752411077,12.229049662897665,9.077031445979722,DCXINDIA.NS,2023-07-14 07:42:39.996465
26,2023-06-06 00:00:00+05:30,230.5,232.0,225.0,227.5500030517578,929979,0.0,0.0,2023-06-06,209.67824359405685,198.38966717018025,11.288576423876606,8.289026891750236,DCXINDIA.NS,2023-07-14 07:42:39.996465
27,2023-06-05 00:00:00+05:30,224.85000610351562,234.0,223.64999389648438,227.89999389648438,1383980,0.0,0.0,2023-06-05,206.42883278356578,196.05684029965406,10.371992483911725,7.539139508718643,DCXINDIA.NS,2023-07-14 07:42:39.996465
28,2023-06-02 00:00:00+05:30,218.0,227.8000030517578,213.0,222.25,2199764,0.0,0.0,2023-06-02,202.52498530848965,193.50938801190762,9.01559729658203,6.830926264920372,DCXINDIA.NS,2023-07-14 07:42:39.996465
29,2023-06-01 00:00:00+05:30,200.85000610351562,222.4499969482422,198.3000030517578,217.60000610351562,3030245,0.0,0.0,2023-06-01,198.9386190009423,191.21013905286023,7.728479948082082,6.284758507004956,DCXINDIA.NS,2023-07-14 07:42:39.996465
30,2023-05-31 00:00:00+05:30,200.39999389648438,202.9499969482422,198.6999969482422,199.9499969482422,404961,0.0,0.0,2023-05-31,195.54563952774717,189.0989496888078,6.446689838939363,5.923828146735675,DCXINDIA.NS,2023-07-14 07:42:39.996465
31,2023-05-30 00:00:00+05:30,200.1999969482422,201.85000610351562,196.85000610351562,199.64999389648438,211455,0.0,0.0,2023-05-30,194.74484726947534,188.23086590805306,6.513981361422282,5.793112723684752,DCXINDIA.NS,2023-07-14 07:42:39.996465
32,2023-05-29 00:00:00+05:30,203.0,203.5,196.64999389648438,200.4499969482422,338093,0.0,0.0,2023-05-29,193.853002428201,187.31733566897853,6.535666759222465,5.61289556425037,DCXINDIA.NS,2023-07-14 07:42:39.996465
33,2023-05-26 00:00:00+05:30,205.89999389648438,209.89999389648438,199.0,201.89999389648438,1096406,0.0,0.0,2023-05-26,192.6535488791026,186.26672276663743,6.386826112465172,5.382202765507345,DCXINDIA.NS,2023-07-14 07:42:39.996465
34,2023-05-25 00:00:00+05:30,191.4499969482422,205.6999969482422,191.4499969482422,203.39999389648438,1225734,0.0,0.0,2023-05-25,190.97237705776044,185.01606107624968,5.956315981510755,5.131046928767888,DCXINDIA.NS,2023-07-14 07:42:39.996465
35,2023-05-24 00:00:00+05:30,193.0,194.6999969482422,190.0,190.75,237707,0.0,0.0,2023-05-24,188.71281035981062,183.54534645063092,5.167463909179702,4.924729665582171,DCXINDIA.NS,2023-07-14 07:42:39.996465
36,2023-05-23 00:00:00+05:30,194.85000610351562,198.89999389648438,190.0,193.5,503724,0.0,0.0,2023-05-23,188.34241224341255,182.9689741666814,5.373438076731162,4.864046104682788,DCXINDIA.NS,2023-07-14 07:42:39.996465
37,2023-05-22 00:00:00+05:30,200.0,206.0,193.5500030517578,194.85000610351562,931215,0.0,0.0,2023-05-22,187.4046690149421,182.1264921000159,5.278176914926206,4.736698111670694,DCXINDIA.NS,2023-07-14 07:42:39.996465
38,2023-05-19 00:00:00+05:30,198.6999969482422,203.39999389648438,190.0,192.64999389648438,525652,0.0,0.0,2023-05-19,186.0509713624742,181.10861097973591,4.942360382738286,4.601328410856816,DCXINDIA.NS,2023-07-14 07:42:39.996465
39,2023-05-18 00:00:00+05:30,188.60000610351562,205.6999969482422,187.25,197.14999389648438,1858404,0.0,0.0,2023-05-18,184.85114908356326,180.18530034639605,4.6658487371672095,4.516070417886448,DCXINDIA.NS,2023-07-14 07:42:39.996465
40,2023-05-17 00:00:00+05:30,181.9499969482422,193.39999389648438,181.39999389648438,187.0500030517578,728155,0.0,0.0,2023-05-17,182.61499548121398,178.828124862389,3.7868706188249917,4.478625838066257,DCXINDIA.NS,2023-07-14 07:42:39.996465
41,2023-05-16 00:00:00+05:30,180.89999389648438,184.35000610351562,180.0500030517578,181.1999969482422,155073,0.0,0.0,2023-05-16,181.80863046838783,178.1703746072395,3.6382558611483375,4.651564642876574,DCXINDIA.NS,2023-07-14 07:42:39.996465
42,2023-05-15 00:00:00+05:30,182.10000610351562,183.35000610351562,178.10000610351562,179.35000610351562,107008,0.0,0.0,2023-05-15,181.9192911084143,177.92800481995928,3.9912862884550293,4.904891838308632,DCXINDIA.NS,2023-07-14 07:42:39.996465
43,2023-05-12 00:00:00+05:30,183.0,187.25,181.9499969482422,182.60000610351562,86303,0.0,0.0,2023-05-12,182.38643383657774,177.8142447172748,4.572189119302948,5.133293225772033,DCXINDIA.NS,2023-07-14 07:42:39.996465
44,2023-05-11 00:00:00+05:30,183.5,185.5,181.4499969482422,182.9499969482422,94851,0.0,0.0,2023-05-11,182.3476025153163,177.43138380637552,4.916218708940789,5.273569252389303,DCXINDIA.NS,2023-07-14 07:42:39.996465
45,2023-05-10 00:00:00+05:30,184.9499969482422,185.89999389648438,181.25,182.25,92205,0.0,0.0,2023-05-10,182.23807625478432,176.9898947550262,5.248181499758118,5.362906888251432,DCXINDIA.NS,2023-07-14 07:42:39.996465
46,2023-05-09 00:00:00+05:30,191.0,192.9499969482422,181.0,181.64999389648438,225353,0.0,0.0,2023-05-09,182.23590830110874,176.5690863354283,5.666821965680441,5.39158823537476,DCXINDIA.NS,2023-07-14 07:42:39.996465
47,2023-05-08 00:00:00+05:30,184.0,192.0,180.0500030517578,190.25,256095,0.0,0.0,2023-05-08,182.3424381928586,176.1626137305438,6.179824462314798,5.3227798027983395,DCXINDIA.NS,2023-07-14 07:42:39.996465
48,2023-05-05 00:00:00+05:30,188.0,189.25,181.89999389648438,182.60000610351562,153425,0.0,0.0,2023-05-05,180.90469968246924,175.0356228289873,5.869076853481943,5.108518637919225,DCXINDIA.NS,2023-07-14 07:42:39.996465
49,2023-05-04 00:00:00+05:30,183.5500030517578,191.0,182.85000610351562,185.39999389648438,156462,0.0,0.0,2023-05-04,180.5964621513699,174.43047216702502,6.16598998434489,4.918379084028546,DCXINDIA.NS,2023-07-14 07:42:39.996465
50,2023-05-03 00:00:00+05:30,185.0,187.10000610351562,183.0,184.10000610351562,101718,0.0,0.0,2023-05-03,179.72309274316729,173.55291042866827,6.170182314499016,4.606476358949459,DCXINDIA.NS,2023-07-14 07:42:39.996465
51,2023-05-02 00:00:00+05:30,186.35000610351562,192.5,185.0,186.25,204538,0.0,0.0,2023-05-02,178.92729031401302,172.7091427746805,6.218147539332534,4.21554987006207,DCXINDIA.NS,2023-07-14 07:42:39.996465
52,2023-04-28 00:00:00+05:30,190.39999389648438,192.5,188.5,190.14999389648438,160927,0.0,0.0,2023-04-28,177.59588855292446,171.6258741966549,5.970014356269559,3.7149004527444536,DCXINDIA.NS,2023-07-14 07:42:39.996465
53,2023-04-27 00:00:00+05:30,187.89999389648438,194.85000610351562,185.6999969482422,188.0500030517578,753072,0.0,0.0,2023-04-27,175.31332394500447,170.14394462066855,5.169379324335921,3.1511219768631773,DCXINDIA.NS,2023-07-14 07:42:39.996465
54,2023-04-26 00:00:00+05:30,176.3000030517578,187.5,172.89999389648438,183.85000610351562,285765,0.0,0.0,2023-04-26,172.99756410741296,168.7114599461814,4.286104161231549,2.6465576399949913,DCXINDIA.NS,2023-07-14 07:42:39.996465
55,2023-04-25 00:00:00+05:30,170.5500030517578,176.35000610351562,168.3000030517578,175.10000610351562,126228,0.0,0.0,2023-04-25,171.02439283539428,167.50037625359465,3.5240165817996285,2.2366710096858515,DCXINDIA.NS,2023-07-14 07:42:39.996465
56,2023-04-24 00:00:00+05:30,172.9499969482422,172.9499969482422,167.9499969482422,169.5500030517578,68406,0.0,0.0,2023-04-24,170.2833722411904,166.89240586560098,3.3909663755894144,1.9148346166574073,DCXINDIA.NS,2023-07-14 07:42:39.996465
57,2023-04-21 00:00:00+05:30,176.39999389648438,177.1999969482422,171.1999969482422,172.6999969482422,113386,0.0,0.0,2023-04-21,170.4167120938145,166.67979809070846,3.736914003106051,1.5458016769244054,DCXINDIA.NS,2023-07-14 07:42:39.996465
58,2023-04-20 00:00:00+05:30,175.0,177.6999969482422,173.64999389648438,176.25,104380,0.0,0.0,2023-04-20,170.00156939300945,166.19818218210574,3.8033872109037077,0.9980235953789939,DCXINDIA.NS,2023-07-14 07:42:39.996465
59,2023-04-19 00:00:00+05:30,178.8000030517578,181.89999389648438,172.6999969482422,174.14999389648438,172863,0.0,0.0,2023-04-19,168.86549110082936,165.3940367566742,3.4714543441551484,0.29668269149781534,DCXINDIA.NS,2023-07-14 07:42:39.996465
60,2023-04-18 00:00:00+05:30,180.39999389648438,184.0,175.5,178.0,266354,0.0,0.0,2023-04-18,167.90467241071025,164.6935601854894,3.211112225220859,-0.497010221666518,DCXINDIA.NS,2023-07-14 07:42:39.996465
61,2023-04-17 00:00:00+05:30,171.4499969482422,181.9499969482422,169.0,179.6999969482422,414203,0.0,0.0,2023-04-17,166.06915830356667,163.62904500032855,2.440113303238121,-1.424040833388362,DCXINDIA.NS,2023-07-14 07:42:39.996465
62,2023-04-13 00:00:00+05:30,175.6999969482422,176.89999389648438,171.0,171.75,99182,0.0,0.0,2023-04-13,163.59082400453474,162.34336884449547,1.2474551600392658,-2.390079367544983,DCXINDIA.NS,2023-07-14 07:42:39.996465
63,2023-04-12 00:00:00+05:30,172.6999969482422,176.8000030517578,172.64999389648438,175.10000610351562,214982,0.0,0.0,2023-04-12,162.10733745990467,161.5908383520551,0.5164991078495689,-3.2994629994410447,DCXINDIA.NS,2023-07-14 07:42:39.996465
64,2023-04-11 00:00:00+05:30,171.60000610351562,173.9499969482422,169.39999389648438,172.0500030517578,226793,0.0,0.0,2023-04-11,159.74503407015723,160.51010493193826,-0.7650708617810267,-4.253453526263698,DCXINDIA.NS,2023-07-14 07:42:39.996465
65,2023-04-10 00:00:00+05:30,169.10000610351562,174.4499969482422,165.75,170.39999389648438,280499,0.0,0.0,2023-04-10,157.5077669825935,159.5869130823527,-2.079146099759214,-5.125549192384366,DCXINDIA.NS,2023-07-14 07:42:39.996465
66,2023-04-06 00:00:00+05:30,163.4499969482422,169.25,162.10000610351562,166.1999969482422,311665,0.0,0.0,2023-04-06,155.16372572552245,158.7218666172222,-3.558140891699736,-5.887149965540654,DCXINDIA.NS,2023-07-14 07:42:39.996465
67,2023-04-05 00:00:00+05:30,157.0,165.1999969482422,157.0,163.4499969482422,344583,0.0,0.0,2023-04-05,153.15713095775521,158.1236161907406,-4.966485232985377,-6.469402234000882,DCXINDIA.NS,2023-07-14 07:42:39.996465
68,2023-04-03 00:00:00+05:30,146.10000610351562,162.8000030517578,145.8000030517578,156.10000610351562,533017,0.0,0.0,2023-04-03,151.28570077766668,157.69750573014045,-6.411804952473773,-6.845131484254758,DCXINDIA.NS,2023-07-14 07:42:39.996465
69,2023-03-31 00:00:00+05:30,144.4499969482422,151.9499969482422,144.25,145.4499969482422,249124,0.0,0.0,2023-03-31,150.41037253660323,157.82530570027046,-7.414933163667229,-6.9534631172000045,DCXINDIA.NS,2023-07-14 07:42:39.996465
70,2023-03-29 00:00:00+05:30,140.25,145.64999389648438,140.25,143.35000610351562,209428,0.0,0.0,2023-03-29,151.31225900721435,158.81533040043274,-7.5030713932183914,-6.838095605583198,DCXINDIA.NS,2023-07-14 07:42:39.996465
71,2023-03-28 00:00:00+05:30,146.8000030517578,147.6999969482422,138.0,140.10000610351562,291683,0.0,0.0,2023-03-28,152.7599413533414,160.05255634418612,-7.292614990844726,-6.671851658674399,DCXINDIA.NS,2023-07-14 07:42:39.996465
72,2023-03-27 00:00:00+05:30,151.89999389648438,154.25,145.5,146.0500030517578,189959,0.0,0.0,2023-03-27,155.0617477624006,161.64876036343975,-6.5870126010391346,-6.516660825631817,DCXINDIA.NS,2023-07-14 07:42:39.996465
73,2023-03-24 00:00:00+05:30,156.8000030517578,157.3000030517578,151.0,151.6999969482422,124978,0.0,0.0,2023-03-24,156.70024680069932,162.89666094837432,-6.196414147675,-6.499072881779988,DCXINDIA.NS,2023-07-14 07:42:39.996465
74,2023-03-23 00:00:00+05:30,154.0,159.0,153.0500030517578,156.0,192223,0.0,0.0,2023-03-23,157.60938313750972,163.79239406838488,-6.183010930875156,-6.574737565306234,DCXINDIA.NS,2023-07-14 07:42:39.996465
75,2023-03-22 00:00:00+05:30,155.0,156.5,152.6999969482422,154.4499969482422,111676,0.0,0.0,2023-03-22,157.9019982534206,164.41578559385567,-6.513787340435073,-6.672669223914003,DCXINDIA.NS,2023-07-14 07:42:39.996465
76,2023-03-21 00:00:00+05:30,152.0,159.0500030517578,150.8000030517578,154.3000030517578,222592,0.0,0.0,2023-03-21,158.52963485436211,165.21304868550473,-6.683413831142616,-6.7123896947837345,DCXINDIA.NS,2023-07-14 07:42:39.996465
77,2023-03-20 00:00:00+05:30,155.4499969482422,155.4499969482422,150.0,151.1999969482422,138595,0.0,0.0,2023-03-20,159.298658818472,166.0860923362045,-6.787433517732495,-6.719633660694014,DCXINDIA.NS,2023-07-14 07:42:39.996465
78,2023-03-17 00:00:00+05:30,154.39999389648438,156.0,152.60000610351562,153.5500030517578,194515,0.0,0.0,2023-03-17,160.77114279487742,167.2769799672415,-6.5058371723640676,-6.702683696434393,DCXINDIA.NS,2023-07-14 07:42:39.996465
79,2023-03-16 00:00:00+05:30,156.4499969482422,157.39999389648438,152.5,153.60000610351562,381997,0.0,0.0,2023-03-16,162.08407729362645,168.37513812048016,-6.291060826853709,-6.751895327451974,DCXINDIA.NS,2023-07-14 07:42:39.996465
80,2023-03-15 00:00:00+05:30,160.5,163.5,154.5500030517578,156.25,430952,0.0,0.0,2023-03-15,163.62663569182843,169.5571486818373,-5.930512990008879,-6.867103952601541,DCXINDIA.NS,2023-07-14 07:42:39.996465
81,2023-03-14 00:00:00+05:30,160.0,162.6999969482422,156.35000610351562,157.60000610351562,192861,0.0,0.0,2023-03-14,164.96784218125177,170.6217205763843,-5.653878395132523,-7.101251693249706,DCXINDIA.NS,2023-07-14 07:42:39.996465
82,2023-03-13 00:00:00+05:30,168.8000030517578,168.8000030517578,160.0,162.3000030517578,159921,0.0,0.0,2023-03-13,166.30744874084016,171.6634577342138,-5.356008993373649,-7.4630950177790005,DCXINDIA.NS,2023-07-14 07:42:39.996465
83,2023-03-10 00:00:00+05:30,165.4499969482422,169.3000030517578,163.5,168.0,141279,0.0,0.0,2023-03-10,167.03607522976424,172.4125341088103,-5.376458879046055,-7.9898665238803375,DCXINDIA.NS,2023-07-14 07:42:39.996465
84,2023-03-09 00:00:00+05:30,167.89999389648438,176.14999389648438,165.1999969482422,166.75,603648,0.0,0.0,2023-03-09,166.86081618063048,172.76553683751513,-5.904720656884649,-8.643218435088908,DCXINDIA.NS,2023-07-14 07:42:39.996465
85,2023-03-08 00:00:00+05:30,169.75,171.9499969482422,166.4499969482422,167.35000610351562,139201,0.0,0.0,2023-03-08,166.88096457710873,173.24677978451635,-6.365815207407621,-9.327842879639972,DCXINDIA.NS,2023-07-14 07:42:39.996465
86,2023-03-06 00:00:00+05:30,171.10000610351562,174.3000030517578,168.6999969482422,170.64999389648438,184376,0.0,0.0,2023-03-06,166.79568429958022,173.7185216789964,-6.922837379416194,-10.06834979769806,DCXINDIA.NS,2023-07-14 07:42:39.996465
87,2023-03-03 00:00:00+05:30,173.64999389648438,175.60000610351562,168.0500030517578,170.1999969482422,232512,0.0,0.0,2023-03-03,166.09490073650673,173.96400390159738,-7.8691031650906496,-10.854727902268525,DCXINDIA.NS,2023-07-14 07:42:39.996465
88,2023-03-02 00:00:00+05:30,166.75,177.0,164.0500030517578,172.75,528222,0.0,0.0,2023-03-02,165.3485196071003,174.2651244578658,-8.91660485076551,-11.601134086562993,DCXINDIA.NS,2023-07-14 07:42:39.996465
89,2023-03-01 00:00:00+05:30,162.0500030517578,167.5,161.14999389648438,165.89999389648438,294149,0.0,0.0,2023-03-01,164.00279589930034,174.38633441449505,-10.383538515194715,-12.272266395512363,DCXINDIA.NS,2023-07-14 07:42:39.996465
90,2023-02-28 00:00:00+05:30,156.8000030517578,162.3000030517578,155.39999389648438,161.1999969482422,240490,0.0,0.0,2023-02-28,163.65785080890325,175.0652416559359,-11.407390847032644,-12.744448365591774,DCXINDIA.NS,2023-07-14 07:42:39.996465
91,2023-02-27 00:00:00+05:30,160.25,160.25,155.0,156.8000030517578,163375,0.0,0.0,2023-02-27,164.10473332902342,176.17446123255138,-12.069727903527962,-13.078712745231554,DCXINDIA.NS,2023-07-14 07:42:39.996465
92,2023-02-24 00:00:00+05:30,161.0,163.89999389648438,156.10000610351562,159.4499969482422,194228,0.0,0.0,2023-02-24,165.43286610670808,177.72441788701485,-12.291551780306776,-13.33095895565745,DCXINDIA.NS,2023-07-14 07:42:39.996465
93,2023-02-23 00:00:00+05:30,164.89999389648438,167.0,159.0500030517578,160.8000030517578,444604,0.0,0.0,2023-02-23,166.5206604991564,179.18637156211668,-12.66571106296027,-13.590810749495118,DCXINDIA.NS,2023-07-14 07:42:39.996465
94,2023-02-22 00:00:00+05:30,167.0,169.85000610351562,161.10000610351562,164.35000610351562,505441,0.0,0.0,2023-02-22,167.56078003504706,180.65728104294539,-13.096501007898325,-13.822085671128828,DCXINDIA.NS,2023-07-14 07:42:39.996465
95,2023-02-21 00:00:00+05:30,171.5,178.5500030517578,165.0,166.85000610351562,658764,0.0,0.0,2023-02-21,168.14455711350732,181.96186303809978,-13.81730592459246,-14.003481836936453,DCXINDIA.NS,2023-07-14 07:42:39.996465
96,2023-02-20 00:00:00+05:30,151.75,174.3000030517578,151.75,170.60000610351562,1586399,0.0,0.0,2023-02-20,168.37993002441488,183.17081159286653,-14.790881568451653,-14.050025815022451,DCXINDIA.NS,2023-07-14 07:42:39.996465
97,2023-02-17 00:00:00+05:30,152.85000610351562,153.4499969482422,149.75,150.89999389648438,807079,0.0,0.0,2023-02-17,167.97627982821473,184.17647603201462,-16.20019620379989,-13.86481187666515,DCXINDIA.NS,2023-07-14 07:42:39.996465
98,2023-02-16 00:00:00+05:30,152.9499969482422,158.39999389648438,149.8000030517578,152.0500030517578,865388,0.0,0.0,2023-02-16,171.08105908852934,186.83859460285703,-15.757535514327685,-13.280965794881464,DCXINDIA.NS,2023-07-14 07:42:39.996465
99,2023-02-15 00:00:00+05:30,159.35000610351562,162.0,149.8000030517578,153.0500030517578,1004166,0.0,0.0,2023-02-15,174.54125109521507,189.62168192694497,-15.080430831729899,-12.661823365019908,DCXINDIA.NS,2023-07-14 07:42:39.996465
100,2023-02-14 00:00:00+05:30,164.0,166.0,158.0500030517578,158.89999389648438,209662,0.0,0.0,2023-02-14,178.44875073948003,192.54741623695995,-14.098665497479914,-12.057171498342408,DCXINDIA.NS,2023-07-14 07:42:39.996465
101,2023-02-13 00:00:00+05:30,172.0,172.60000610351562,158.5500030517578,163.64999389648438,352258,0.0,0.0,2023-02-13,182.00307016547924,195.239210024198,-13.236139858718758,-11.54679799855803,DCXINDIA.NS,2023-07-14 07:42:39.996465
102,2023-02-10 00:00:00+05:30,174.60000610351562,174.60000610351562,168.64999389648438,171.5,264310,0.0,0.0,2023-02-10,185.3399931234783,197.7663473144151,-12.426354190936792,-11.12446253351785,DCXINDIA.NS,2023-07-14 07:42:39.996465
103,2023-02-09 00:00:00+05:30,180.6999969482422,181.0,174.0,174.60000610351562,238072,0.0,0.0,2023-02-09,187.85635550956528,199.8676550995683,-12.011299590003034,-10.798989619163113,DCXINDIA.NS,2023-07-14 07:42:39.996465
104,2023-02-08 00:00:00+05:30,184.1999969482422,184.85000610351562,180.10000610351562,180.75,168870,0.0,0.0,2023-02-08,190.26660085611977,201.88906701925254,-11.62246616313277,-10.495912126453133,DCXINDIA.NS,2023-07-14 07:42:39.996465
105,2023-02-07 00:00:00+05:30,189.5,190.75,180.1999969482422,183.25,244064,0.0,0.0,2023-02-07,191.9968919208688,203.58019238079274,-11.583300459923947,-10.214273617283222,DCXINDIA.NS,2023-07-14 07:42:39.996465
106,2023-02-06 00:00:00+05:30,177.8000030517578,192.4499969482422,177.0,189.39999389648438,352722,0.0,0.0,2023-02-06,193.58723590648128,205.20660777125616,-11.619371864774877,-9.87201690662304,DCXINDIA.NS,2023-07-14 07:42:39.996465
107,2023-02-03 00:00:00+05:30,176.10000610351562,179.0,168.25,176.89999389648438,258928,0.0,0.0,2023-02-03,194.34855263557162,206.4711368812379,-12.122584245666275,-9.43517816708508,DCXINDIA.NS,2023-07-14 07:42:39.996465
108,2023-02-02 00:00:00+05:30,177.0,184.64999389648438,171.1999969482422,175.1999969482422,254138,0.0,0.0,2023-02-02,197.52101786086024,208.83682832001816,-11.315810459157916,-8.763326647439781,DCXINDIA.NS,2023-07-14 07:42:39.996465
109,2023-02-01 00:00:00+05:30,195.39999389648438,195.39999389648438,179.0,180.4499969482422,448905,0.0,0.0,2023-02-01,201.5793852995181,211.52777482976023,-9.948389530242139,-8.125205694510246,DCXINDIA.NS,2023-07-14 07:42:39.996465
110,2023-01-31 00:00:00+05:30,193.85000610351562,193.85000610351562,191.4499969482422,192.89999389648438,163268,0.0,0.0,2023-01-31,205.42109227247735,214.01399706028167,-8.592904787804315,-7.669409735577271,DCXINDIA.NS,2023-07-14 07:42:39.996465
111,2023-01-30 00:00:00+05:30,197.5500030517578,200.0,190.10000610351562,191.6999969482422,390299,0.0,0.0,2023-01-30,207.69765561356698,215.70311731338543,-8.005461699818454,-7.43853597252051,DCXINDIA.NS,2023-07-14 07:42:39.996465
112,2023-01-27 00:00:00+05:30,208.4499969482422,208.64999389648438,194.0500030517578,198.64999389648438,325285,0.0,0.0,2023-01-27,210.60632082544421,217.6233669425969,-7.017046117152688,-7.296804540696024,DCXINDIA.NS,2023-07-14 07:42:39.996465
113,2023-01-25 00:00:00+05:30,210.5500030517578,211.0,205.0,207.39999389648438,150028,0.0,0.0,2023-01-25,212.78019844889144,219.1412367862859,-6.3610383373944615,-7.366744146581857,DCXINDIA.NS,2023-07-14 07:42:39.996465
114,2023-01-24 00:00:00+05:30,214.0,214.0,208.60000610351562,210.6999969482422,183376,0.0,0.0,2023-01-24,213.75841745841998,220.08053621747004,-6.322118759050056,-7.618170598878705,DCXINDIA.NS,2023-07-14 07:42:39.996465
115,2023-01-23 00:00:00+05:30,213.3000030517578,215.0,210.0,211.6999969482422,142094,0.0,0.0,2023-01-23,214.31449391481596,220.83097935900827,-6.516485444192313,-7.9421835588358665,DCXINDIA.NS,2023-07-14 07:42:39.996465
116,2023-01-20 00:00:00+05:30,213.60000610351562,216.6999969482422,211.39999389648438,212.1999969482422,150448,0.0,0.0,2023-01-20,214.78985699964755,221.56145795186956,-6.771600952222002,-8.298608087496754,DCXINDIA.NS,2023-07-14 07:42:39.996465
117,2023-01-19 00:00:00+05:30,212.3000030517578,215.4499969482422,211.10000610351562,213.5500030517578,125612,0.0,0.0,2023-01-19,215.26074064535763,222.31037483215974,-7.049634186802109,-8.680359871315442,DCXINDIA.NS,2023-07-14 07:42:39.996465
118,2023-01-18 00:00:00+05:30,214.9499969482422,216.8000030517578,211.0,212.64999389648438,124274,0.0,0.0,2023-01-18,215.57178384419396,223.0112045745919,-7.439420730397927,-9.088041292443775,DCXINDIA.NS,2023-07-14 07:42:39.996465
119,2023-01-17 00:00:00+05:30,213.9499969482422,218.60000610351562,212.0,214.39999389648438,155297,0.0,0.0,2023-01-17,216.10301838014118,223.84010142884048,-7.737083048699304,-9.500196432955235,DCXINDIA.NS,2023-07-14 07:42:39.996465
120,2023-01-16 00:00:00+05:30,216.9499969482422,218.35000610351562,212.64999389648438,213.6999969482422,149704,0.0,0.0,2023-01-16,216.41265919535152,224.59531003142897,-8.182650836077443,-9.940974779019218,DCXINDIA.NS,2023-07-14 07:42:39.996465
121,2023-01-13 00:00:00+05:30,216.10000610351562,220.0,212.5,217.0,269376,0.0,0.0,2023-01-13,216.90587051300776,225.4669350780839,-8.561064565076151,-10.38055576475466,DCXINDIA.NS,2023-07-14 07:42:39.996465
122,2023-01-12 00:00:00+05:30,218.0,221.85000610351562,213.9499969482422,215.3000030517578,226258,0.0,0.0,2023-01-12,216.88875606082735,226.14428988433062,-9.25553382350327,-10.835428564674286,DCXINDIA.NS,2023-07-14 07:42:39.996465
123,2023-01-11 00:00:00+05:30,210.10000610351562,218.1999969482422,208.14999389648438,217.0500030517578,410129,0.0,0.0,2023-01-11,217.17762024429453,227.01183283093644,-9.834212586641911,-11.230402249967039,DCXINDIA.NS,2023-07-14 07:42:39.996465
124,2023-01-10 00:00:00+05:30,213.5,214.0,207.5,209.10000610351562,193972,0.0,0.0,2023-01-10,217.2008233702103,227.80877921327072,-10.607955843060438,-11.57944966579832,DCXINDIA.NS,2023-07-14 07:42:39.996465
125,2023-01-09 00:00:00+05:30,213.64999389648438,215.89999389648438,212.3000030517578,212.9499969482422,164383,0.0,0.0,2023-01-09,218.67369923688204,229.30548106205111,-10.631781825169071,-11.822323121482789,DCXINDIA.NS,2023-07-14 07:42:39.996465
126,2023-01-06 00:00:00+05:30,216.64999389648438,217.0,211.0,212.6999969482422,132331,0.0,0.0,2023-01-06,219.7143723802711,230.61391979115584,-10.899547410884736,-12.119958445561217,DCXINDIA.NS,2023-07-14 07:42:39.996465
127,2023-01-05 00:00:00+05:30,212.0,220.0,212.0,215.60000610351562,346310,0.0,0.0,2023-01-05,220.98971336791274,232.04703361858893,-11.057320250676185,-12.425061204230335,DCXINDIA.NS,2023-07-14 07:42:39.996465
128,2023-01-04 00:00:00+05:30,222.5500030517578,223.14999389648438,209.0500030517578,210.35000610351562,496808,0.0,0.0,2023-01-04,221.96966014325767,233.3627958197948,-11.393135676537128,-12.76699644261887,DCXINDIA.NS,2023-07-14 07:42:39.996465
129,2023-01-03 00:00:00+05:30,225.39999389648438,228.10000610351562,222.0,223.0,136761,0.0,0.0,2023-01-03,224.08232451411988,235.20381899709713,-11.121494482977255,-13.110461634139305,DCXINDIA.NS,2023-07-14 07:42:39.996465
130,2023-01-02 00:00:00+05:30,225.8000030517578,227.0,222.0500030517578,224.35000610351562,129093,0.0,0.0,2023-01-02,224.2791107894144,236.18012451686488,-11.901013727450476,-13.607703421929816,DCXINDIA.NS,2023-07-14 07:42:39.996465
131,2022-12-30 00:00:00+05:30,220.6999969482422,227.14999389648438,220.5500030517578,224.64999389648438,302283,0.0,0.0,2022-12-30,224.2662207323051,237.12653398993282,-12.860313257627723,-14.03437584554965,DCXINDIA.NS,2023-07-14 07:42:39.996465
132,2022-12-29 00:00:00+05:30,229.1999969482422,233.5500030517578,217.8000030517578,219.60000610351562,601203,0.0,0.0,2022-12-29,224.19644379336344,238.12465719740868,-13.928213404045238,-14.327891492530132,DCXINDIA.NS,2023-07-14 07:42:39.996465
133,2022-12-28 00:00:00+05:30,210.9499969482422,230.89999389648438,209.0500030517578,228.0500030517578,661931,0.0,0.0,2022-12-28,225.03215973697212,239.60662928492013,-14.574469547948013,-14.427811014651354,DCXINDIA.NS,2023-07-14 07:42:39.996465
134,2022-12-27 00:00:00+05:30,208.10000610351562,215.9499969482422,208.10000610351562,210.75,549569,0.0,0.0,2022-12-27,224.48346095246563,240.5311593835731,-16.047698431107477,-14.391146381327188,DCXINDIA.NS,2023-07-14 07:42:39.996465
135,2022-12-26 00:00:00+05:30,201.5,210.0,201.10000610351562,207.0500030517578,727852,0.0,0.0,2022-12-26,226.9804538529139,242.91365213425897,-15.933198281345057,-13.977008368882114,DCXINDIA.NS,2023-07-14 07:42:39.996465
136,2022-12-23 00:00:00+05:30,217.0,220.0,199.6999969482422,200.4499969482422,684640,0.0,0.0,2022-12-23,230.60417218039683,245.78274406085905,-15.178571880462215,-13.487960890766377,DCXINDIA.NS,2023-07-14 07:42:39.996465
137,2022-12-22 00:00:00+05:30,230.5,234.5,210.5500030517578,215.0,656386,0.0,0.0,2022-12-22,236.08674949533406,249.4093638298684,-13.322614334534336,-13.065308143342417,DCXINDIA.NS,2023-07-14 07:42:39.996465
138,2022-12-21 00:00:00+05:30,240.9499969482422,242.9499969482422,225.0,230.10000610351562,393250,0.0,0.0,2022-12-21,239.92070394903118,252.16211293625787,-12.241408987226691,-13.000981595544435,DCXINDIA.NS,2023-07-14 07:42:39.996465
139,2022-12-20 00:00:00+05:30,238.64999389648438,246.39999389648438,235.10000610351562,239.75,503625,0.0,0.0,2022-12-20,241.70628537548856,253.92708148287724,-12.22079610738868,-13.19087474762387,DCXINDIA.NS,2023-07-14 07:42:39.996465
140,2022-12-19 00:00:00+05:30,242.8000030517578,249.5,235.85000610351562,240.5500030517578,429066,0.0,0.0,2022-12-19,242.0619736255774,255.0612480015074,-12.999274375930014,-13.433394407682664,DCXINDIA.NS,2023-07-14 07:42:39.996465
141,2022-12-16 00:00:00+05:30,228.0,243.1999969482422,227.10000610351562,241.5500030517578,740012,0.0,0.0,2022-12-16,242.33687736627186,256.2221475974874,-13.885270231215515,-13.541924415620826,DCXINDIA.NS,2023-07-14 07:42:39.996465
142,2022-12-15 00:00:00+05:30,230.39999389648438,233.4499969482422,225.35000610351562,227.89999389648438,357993,0.0,0.0,2022-12-15,242.47994542345623,257.39591916114574,-14.915973737689512,-13.456087961722153,DCXINDIA.NS,2023-07-14 07:42:39.996465
143,2022-12-14 00:00:00+05:30,226.89999389648438,234.9499969482422,226.5,229.0,471311,0.0,0.0,2022-12-14,245.13084570108748,259.75559318231865,-14.624747481231168,-13.091116517730311,DCXINDIA.NS,2023-07-14 07:42:39.996465
144,2022-12-13 00:00:00+05:30,230.5500030517578,234.6999969482422,225.0,225.75,471315,0.0,0.0,2022-12-13,248.06372673764886,262.2160406369041,-14.152313899255233,-12.707708776855098,DCXINDIA.NS,2023-07-14 07:42:39.996465
145,2022-12-12 00:00:00+05:30,241.0500030517578,242.0,233.0,233.75,424357,0.0,0.0,2022-12-12,252.12076796267593,265.1333238878564,-13.012555925180493,-12.346557496255063,DCXINDIA.NS,2023-07-14 07:42:39.996465
146,2022-12-09 00:00:00+05:30,247.0,256.5,241.0,242.25,1152808,0.0,0.0,2022-12-09,255.46090759225333,267.64398979888495,-12.18308220663161,-12.180057889023704,DCXINDIA.NS,2023-07-14 07:42:39.996465
147,2022-12-08 00:00:00+05:30,253.0,253.3000030517578,249.0,249.39999389648438,275324,0.0,0.0,2022-12-08,257.86289079084486,269.67550898279575,-11.81261819195089,-12.179301809621727,DCXINDIA.NS,2023-07-14 07:42:39.996465
148,2022-12-07 00:00:00+05:30,255.0,255.9499969482422,251.3000030517578,251.75,167035,0.0,0.0,2022-12-07,259.40159931709223,271.29755018970064,-11.89595087260841,-12.270972714039436,DCXINDIA.NS,2023-07-14 07:42:39.996465
149,2022-12-06 00:00:00+05:30,259.0,259.0,253.5,254.35000610351562,194532,0.0,0.0,2022-12-06,260.7927991929272,272.8613542048767,-12.068555011949513,-12.364728174397191,DCXINDIA.NS,2023-07-14 07:42:39.996465
150,2022-12-05 00:00:00+05:30,260.6000061035156,261.29998779296875,256.5,257.8999938964844,196689,0.0,0.0,2022-12-05,261.96421611827475,274.3422620529856,-12.378045934710826,-12.43877146500911,DCXINDIA.NS,2023-07-14 07:42:39.996465
151,2022-12-02 00:00:00+05:30,254.64999389648438,264.8500061035156,253.39999389648438,259.29998779296875,469185,0.0,0.0,2022-12-02,262.7031656131457,275.6576435055057,-12.95447789235999,-12.453952847583679,DCXINDIA.NS,2023-07-14 07:42:39.996465
152,2022-12-01 00:00:00+05:30,255.4499969482422,257.5,254.0,254.8000030517578,214179,0.0,0.0,2022-12-01,263.32192521681424,276.9662559625086,-13.64433074569439,-12.328821586389601,DCXINDIA.NS,2023-07-14 07:42:39.996465
153,2022-11-30 00:00:00+05:30,256.6499938964844,258.0,252.8000030517578,254.14999389648438,221833,0.0,0.0,2022-11-30,264.8713656104608,278.7395561953687,-13.868190584907893,-11.999944296563404,DCXINDIA.NS,2023-07-14 07:42:39.996465
154,2022-11-29 00:00:00+05:30,259.79998779296875,260.0,252.64999389648438,254.35000610351562,502522,0.0,0.0,2022-11-29,266.8207059220929,280.7067211792795,-13.886015257186614,-11.532882724477282,DCXINDIA.NS,2023-07-14 07:42:39.996465
155,2022-11-28 00:00:00+05:30,261.95001220703125,264.6499938964844,258.79998779296875,260.1000061035156,361035,0.0,0.0,2022-11-28,269.08810588910694,282.8152583853406,-13.727152496233657,-10.944599591299948,DCXINDIA.NS,2023-07-14 07:42:39.996465
156,2022-11-25 00:00:00+05:30,259.29998779296875,267.0,257.6000061035156,260.5,660754,0.0,0.0,2022-11-25,270.7223058501235,284.6324785678866,-13.91017271776309,-10.24896136506652,DCXINDIA.NS,2023-07-14 07:42:39.996465
157,2022-11-24 00:00:00+05:30,255.0,262.29998779296875,252.4499969482422,258.0,613962,0.0,0.0,2022-11-24,272.58090691378237,286.5630768533175,-13.98216993953514,-9.333658526892378,DCXINDIA.NS,2023-07-14 07:42:39.996465
158,2022-11-23 00:00:00+05:30,252.25,261.8500061035156,251.60000610351562,253.25,525846,0.0,0.0,2022-11-23,275.2319808981064,288.84812300158296,-13.616142103476534,-8.171530673731688,DCXINDIA.NS,2023-07-14 07:42:39.996465
159,2022-11-22 00:00:00+05:30,262.25,264.29998779296875,250.10000610351562,251.3000030517578,522794,0.0,0.0,2022-11-22,279.22870469776217,291.6959728417096,-12.467268143947422,-6.810377816295475,DCXINDIA.NS,2023-07-14 07:42:39.996465
160,2022-11-21 00:00:00+05:30,268.0,271.0,260.3999938964844,261.8999938964844,538570,0.0,0.0,2022-11-21,284.30665045158116,294.9276504249057,-10.620999973324558,-5.396155234382487,DCXINDIA.NS,2023-07-14 07:42:39.996465
161,2022-11-18 00:00:00+05:30,262.75,274.8500061035156,260.29998779296875,267.29998779296875,1162040,0.0,0.0,2022-11-18,288.3805880070533,297.56986294717944,-9.189274940126154,-4.089944049646968,DCXINDIA.NS,2023-07-14 07:42:39.996465
162,2022-11-17 00:00:00+05:30,269.8999938964844,273.70001220703125,260.0,261.04998779296875,1025856,0.0,0.0,2022-11-17,292.2134244096141,299.9914529595163,-7.778028549902217,-2.8151113270271715,DCXINDIA.NS,2023-07-14 07:42:39.996465
163,2022-11-16 00:00:00+05:30,279.0,286.79998779296875,266.1499938964844,270.20001220703125,1846883,0.0,0.0,2022-11-16,297.87950379445874,303.10677017284013,-5.227266378381387,-1.57438202130841,DCXINDIA.NS,2023-07-14 07:42:39.996465
164,2022-11-15 00:00:00+05:30,292.0,295.6000061035156,277.3999938964844,278.79998779296875,2809423,0.0,0.0,2022-11-15,302.91213862853647,305.7393108101048,-2.8271721815683577,-0.6611609320401658,DCXINDIA.NS,2023-07-14 07:42:39.996465
165,2022-11-14 00:00:00+05:30,306.70001220703125,307.8999938964844,283.0,300.95001220703125,7021355,0.0,0.0,2022-11-14,307.2961660531851,307.8944566514757,-0.5982905982905891,-0.11965811965811782,DCXINDIA.NS,2023-07-14 07:42:39.996465
166,2022-11-11 00:00:00+05:30,287.0,319.8999938964844,287.0,308.45001220703125,36271420,0.0,0.0,2022-11-11,308.45001220703125,308.45001220703125,0.0,0.0,DCXINDIA.NS,2023-07-14 07:42:39.996465
