Trading Day,Date,Open,High,Low,Close,Volume,Dividends,Stock Splits,date_only,Close_ema_12,Close_ema_26,rsi,ADX,Close_ema_20,sma_20,Close_ema_5,macd,macd_ema_9,RollingMean,RollingStd,UpperBand1,LowerBand1,UpperBand2,LowerBand2,symbol,created_on
1,2023-08-10 00:00:00+05:30,115.0,119.80000305175781,114.5,115.5,2570679,0.0,0.0,2023-08-10,110.73507910140404,103.95433771877956,68.50414605774237,53.68484503749711,106.74401834503588,106.55,113.48237917893012,6.780741382624484,6.959569574631216,106.55,8.481668189523397,115.0316681895234,98.0683318104766,123.51333637904679,89.5866636209532,EMIL.NS,2023-08-10 13:05:56.121813
2,2023-08-09 00:00:00+05:30,108.94999694824219,115.80000305175781,108.05000305175781,114.1500015258789,2448732,0.0,0.0,2023-08-09,109.86872984711387,103.03068473628191,67.23543674057194,53.845924853010686,105.82233606556598,105.19500007629395,112.47356876839515,6.838045110831956,7.004276622632898,105.19500007629395,9.117463460195538,114.31246353648949,96.07753661609841,123.42992699668503,86.96007315590288,EMIL.NS,2023-08-10 13:05:56.121813
3,2023-08-08 00:00:00+05:30,113.0999984741211,113.19999694824219,108.44999694824219,109.19999694824219,1480629,0.0,0.0,2023-08-08,109.09031681461114,102.14113939311414,62.02751419010468,54.470467310052655,104.94573970132251,104.06749992370605,111.63535238965326,6.949177421496998,7.045834500583133,104.06749992370605,9.343282260903344,113.41078218460939,94.72421766280272,122.75406444551274,85.38093540189936,EMIL.NS,2023-08-10 13:05:56.121813
4,2023-08-07 00:00:00+05:30,113.75,115.44999694824219,110.44999694824219,112.1500015258789,1683630,0.0,0.0,2023-08-07,109.07037497213277,101.5764307887039,68.00974875470035,55.47236184512608,104.49792314901518,103.22250022888184,112.85303011035879,7.493944183428866,7.069998770354667,103.22250022888184,9.61493496151933,112.83743519040117,93.60756526736252,122.4523701519205,83.99263030584318,EMIL.NS,2023-08-10 13:05:56.121813
5,2023-08-04 00:00:00+05:30,117.5,120.80000305175781,111.69999694824219,112.94999694824219,2683871,0.0,0.0,2023-08-04,108.51044287145166,100.7305451297299,69.70257015596022,55.901693530242255,103.69244121460846,102.2875,113.20454440259873,7.779897741721754,6.964012417086117,102.2875,9.610327625645706,111.8978276256457,92.67717237435429,121.50815525129141,83.06684474870858,EMIL.NS,2023-08-10 13:05:56.121813
6,2023-08-03 00:00:00+05:30,116.0,120.0,115.69999694824219,116.94999694824219,2136941,0.0,0.0,2023-08-03,107.70325122112611,99.75298898424893,78.81025571007523,55.95018097434479,102.71796166369965,101.13000030517578,113.33181812977699,7.95026223687718,6.760041085927207,101.13000030517578,9.652548538198955,110.78254884337474,91.47745176697683,120.4350973815737,81.82490322877787,EMIL.NS,2023-08-10 13:05:56.121813
7,2023-08-02 00:00:00+05:30,114.0,119.4000015258789,111.55000305175781,115.55000305175781,4169207,0.0,0.0,2023-08-02,106.02202472528683,98.37722834712946,77.87050175125557,54.57637282291136,101.2198526863794,99.62750053405762,111.5227287205444,7.644796378157366,6.462485798189713,99.62750053405762,9.395779098788541,109.02327963284615,90.23172143526908,118.41905873163469,80.83594233648054,EMIL.NS,2023-08-10 13:05:56.121813
8,2023-08-01 00:00:00+05:30,113.55000305175781,117.80000305175781,113.0,114.30000305175781,2467172,0.0,0.0,2023-08-01,104.28966502956483,97.0034063707592,77.02575407126334,53.13095656110341,99.71141580581325,98.25750045776367,109.50909155493767,7.286258658805636,6.166908153197798,98.25750045776367,8.93839007483145,107.19589053259512,89.31911038293222,116.13428060742658,80.38072030810076,EMIL.NS,2023-08-10 13:05:56.121813
9,2023-07-31 00:00:00+05:30,106.69999694824219,113.69999694824219,106.5,112.55000305175781,2890673,0.0,0.0,2023-07-31,102.46960357098428,95.6196786362793,75.82613057084178,51.66389304765449,98.17577504308224,96.91750030517578,107.11363580652758,6.849924934704973,5.887070526795838,96.91750030517578,8.399409264656727,105.3169095698325,88.51809104051905,113.71631883448923,80.11868177586233,EMIL.NS,2023-08-10 13:05:56.121813
10,2023-07-28 00:00:00+05:30,103.69999694824219,105.8499984741211,103.1500015258789,105.44999694824219,811235,0.0,0.0,2023-07-28,100.6368036653891,94.26525268304103,69.90620453163274,50.332153287395606,96.66269841059008,95.49500007629395,104.39545218391247,6.371550982348069,5.646356924818554,95.49500007629395,8.012800669956455,103.50780074625041,87.48219940633749,111.52060141620686,79.46939873638104,EMIL.NS,2023-08-10 13:05:56.121813
11,2023-07-27 00:00:00+05:30,104.69999694824219,106.69999694824219,103.0,103.80000305175781,928333,0.0,0.0,2023-07-27,99.76167761396127,93.37047314182493,68.22714023512901,49.51843690055666,95.73771961715302,94.40750007629394,103.8681798017476,6.391204472136337,5.465058410436175,94.40750007629394,8.06637441554326,102.47387449183721,86.34112566075068,110.54024890738046,78.27475124520743,EMIL.NS,2023-08-10 13:05:56.121813
12,2023-07-26 00:00:00+05:30,108.4000015258789,108.8499984741211,103.05000305175781,103.75,1793933,0.0,0.0,2023-07-26,99.02743662527098,92.5361107490303,68.177179317053,48.642126945499335,94.88905820298409,93.3224998474121,103.90226817674248,6.49132587624068,5.233521895011134,93.3224998474121,8.19490374893799,101.51740359635009,85.12759609847411,109.71230734528808,76.93269234953613,EMIL.NS,2023-08-10 13:05:56.121813
13,2023-07-25 00:00:00+05:30,106.05000305175781,109.44999694824219,106.05000305175781,107.8499984741211,1791897,0.0,0.0,2023-07-25,98.16878873895661,91.63899960895272,77.4503113004679,47.68070788947498,93.95632748750873,92.15249977111816,103.97840226511371,6.529789130003891,4.919070899703748,92.15249977111816,8.297582179577685,100.45008195069585,83.85491759154047,108.74766413027353,75.55733541196278,EMIL.NS,2023-08-10 13:05:56.121813
14,2023-07-24 00:00:00+05:30,110.69999694824219,117.5,103.6500015258789,105.75,6985563,0.0,0.0,2023-07-24,96.4085687871085,90.34211969973926,75.89067544905973,45.572319096944234,92.49383580470743,90.8224998474121,102.04260416061001,6.06644908736925,4.516391342128711,90.8224998474121,7.763689336965572,98.58618918437767,83.05881051044653,106.34987852134324,75.29512117348096,EMIL.NS,2023-08-10 13:05:56.121813
15,2023-07-21 00:00:00+05:30,99.5999984741211,109.25,98.4000015258789,108.1500015258789,6498037,0.0,0.0,2023-07-21,94.71012674840095,89.1094892757184,81.90221292386371,43.30174655114189,91.0984500999398,89.5099998474121,100.188906240915,5.60063747268255,4.128876905818576,89.5099998474121,7.313067566049428,96.82306741346153,82.19693228136268,104.13613497951096,74.88386471531325,EMIL.NS,2023-08-10 13:05:56.121813
16,2023-07-20 00:00:00+05:30,100.80000305175781,102.4000015258789,99.5,100.25,1965976,0.0,0.0,2023-07-20,92.26651315249588,87.58624829570557,76.12055249060582,41.35141469673016,89.30354994984094,88.19499969482422,96.20835859843304,4.680264856790302,3.760936764102582,88.19499969482422,6.038384402810192,94.23338409763441,82.15661529201402,100.27176850044461,76.11823088920383,EMIL.NS,2023-08-10 13:05:56.121813
17,2023-07-19 00:00:00+05:30,95.05000305175781,104.0999984741211,94.0,100.1500015258789,7742888,0.0,0.0,2023-07-19,90.8149700893133,86.57314815936202,76.0305460738746,39.85054826036944,88.15129204982419,87.27499961853027,94.18753789764955,4.241821929951286,3.531104740930652,87.27499961853027,5.481008565714331,92.7560081842446,81.79399105281594,98.23701674995894,76.3129824871016,EMIL.NS,2023-08-10 13:05:56.121813
18,2023-07-18 00:00:00+05:30,90.80000305175781,95.0,90.19999694824219,94.6500015258789,2789669,0.0,0.0,2023-07-18,89.11769164630138,85.48699989004066,70.31652324152664,38.234230559673286,86.88826999971316,86.36249961853028,91.20630608353486,3.630691756260717,3.3534254436754933,86.36249961853028,4.68625901991532,91.0487586384456,81.67624059861495,95.73501765836092,76.98998157869964,EMIL.NS,2023-08-10 13:05:56.121813
19,2023-07-17 00:00:00+05:30,88.69999694824219,92.4000015258789,88.5,89.69999694824219,954212,0.0,0.0,2023-07-17,88.11181712274184,84.75395975917361,62.931610349443474,37.69247160828379,86.07124562853782,85.62499961853027,89.48445836236283,3.357857363568229,3.284108865529187,85.62499961853027,4.468972077536575,90.09397169606684,81.15602754099369,94.56294377360342,76.68705546345711,EMIL.NS,2023-08-10 13:05:56.121813
20,2023-07-14 00:00:00+05:30,88.94999694824219,89.9000015258789,87.5,88.19999694824219,476784,0.0,0.0,2023-07-14,87.82305715446905,84.35827678404812,60.14128199412275,37.606315905180736,85.68927180541104,84.94999961853027,89.37668906942314,3.4647803704209394,3.265671741019426,84.94999961853027,4.826326320374246,89.77632593890452,80.12367329815602,94.60265225927876,75.29734697778179,EMIL.NS,2023-08-10 13:05:56.121813
21,2023-07-13 00:00:00+05:30,92.25,93.0999984741211,88.0,88.4000015258789,1139028,0.0,0.0,2023-07-13,87.75452264651031,84.05093917091259,60.70705840397456,38.068519278286495,85.42498494827092,84.37249984741212,89.9650351300136,3.703583475597725,3.215894583669048,84.37249984741212,5.100219062612368,89.47271891002448,79.27228078479975,94.57293797263685,74.17206172218738,EMIL.NS,2023-08-10 13:05:56.121813
22,2023-07-12 00:00:00+05:30,90.80000305175781,94.1500015258789,90.80000305175781,91.5999984741211,749887,0.0,0.0,2023-07-12,87.63716285026149,83.70301418251529,70.57055730376413,38.33964065637423,85.1118253085227,83.83749961853027,90.74755193208095,3.9341486677462,3.093972360686878,83.83749961853027,5.215409735719725,89.05290935425,78.62208988281054,94.26831908996972,73.40668014709082,EMIL.NS,2023-08-10 13:05:56.121813
23,2023-07-11 00:00:00+05:30,94.0,96.69999694824219,92.0,92.30000305175781,1816705,0.0,0.0,2023-07-11,86.916647282287,83.07125543918683,72.97909623292554,37.26796717372223,84.42885971214392,83.14249954223632,90.32132866106087,3.845391843100174,2.8839282839220477,83.14249954223632,5.050073078893502,88.19257262112983,78.09242646334282,93.24264570002333,73.04235338444931,EMIL.NS,2023-08-10 13:05:56.121813
24,2023-07-10 00:00:00+05:30,91.0,94.44999694824219,90.0,93.44999694824219,2037678,0.0,0.0,2023-07-10,85.9378553242014,82.33295563018116,76.98744153719284,35.46569307042386,83.60031830797402,82.4199993133545,89.3319914657124,3.604899694020233,2.6435623941275157,82.4199993133545,4.691942081100026,87.11194139445452,77.72805723225447,91.80388347555454,73.03611515115445,EMIL.NS,2023-08-10 13:05:56.121813
25,2023-07-07 00:00:00+05:30,86.80000305175781,91.0,86.75,89.80000305175781,1503367,0.0,0.0,2023-07-07,84.57201139255761,81.44359232473629,72.54284281305506,33.84711302193357,82.56351003005106,81.60999946594238,87.27298872444752,3.1284190678213264,2.403228069154336,81.60999946594238,4.040701732788572,85.65070119873096,77.5692977331538,89.69140293151952,73.52859600036524,EMIL.NS,2023-08-10 13:05:56.121813
26,2023-07-06 00:00:00+05:30,88.0999984741211,89.9000015258789,86.5,86.9000015258789,854190,0.0,0.0,2023-07-06,83.62146745452121,80.77507946657455,67.98031949953199,32.702786715034456,81.80177392250299,81.09499931335449,86.00948156079235,2.846387987946656,2.2219303194875883,81.09499931335449,3.5710058677393324,84.66600518109382,77.52399344561516,88.23701104883315,73.95298757787583,EMIL.NS,2023-08-10 13:05:56.121813
27,2023-07-05 00:00:00+05:30,87.80000305175781,91.44999694824219,87.5,88.1500015258789,1999990,0.0,0.0,2023-07-05,83.025370350638,80.2850857018302,72.82371206700054,31.691127990514186,81.26511838530553,80.70999908447266,85.56422157824906,2.740284648807801,2.065815902372821,80.70999908447266,3.3183544986280227,84.02835358310068,77.39164458584463,87.3467080817287,74.0732900872166,EMIL.NS,2023-08-10 13:05:56.121813
28,2023-07-04 00:00:00+05:30,84.0999984741211,92.5,84.0999984741211,87.5,5645407,0.0,0.0,2023-07-04,82.09361922786692,79.65589243590631,71.85548112186669,30.04545866708115,80.54039384419255,80.30249900817871,84.27133160443412,2.437726791960614,1.897198715764076,80.30249900817871,2.8195500865522627,83.12204909473098,77.48294892162644,85.94159918128324,74.66339883507419,EMIL.NS,2023-08-10 13:05:56.121813
29,2023-07-03 00:00:00+05:30,84.55000305175781,85.19999694824219,82.8499984741211,84.0999984741211,533994,0.0,0.0,2023-07-03,81.1106409056609,79.02836383077882,65.96590716448986,28.273199395691726,79.80780372252862,79.80749893188477,82.65699740665119,2.082277074882086,1.7620666967149414,79.80749893188477,2.312965494766775,82.12046442665154,77.494533437118,84.43342992141831,75.18156794235122,EMIL.NS,2023-08-10 13:05:56.121813
30,2023-06-30 00:00:00+05:30,84.9000015258789,85.69999694824219,83.25,83.69999694824219,852276,0.0,0.0,2023-06-30,80.56712134775904,78.62263305931143,65.16966702336167,28.001444395855103,79.35599374867678,79.25999908447265,81.93549687291623,1.9444882884476158,1.6820141021731552,79.25999908447265,2.529280904174372,81.78927998864702,76.73071818029828,84.3185608928214,74.20143727612391,EMIL.NS,2023-08-10 13:05:56.121813
31,2023-06-27 00:00:00+05:30,81.0,83.0999984741211,79.4000015258789,82.0999984741211,606237,0.0,0.0,2023-06-27,79.99750760221666,78.21644394819695,61.854975689478735,27.469277287451245,78.89873025398568,78.75249938964843,81.05324683525325,1.7810636540197038,1.61639555560454,78.75249938964843,2.608562124706457,81.36106151435489,76.14393726494198,83.96962363906135,73.53537514023552,EMIL.NS,2023-08-10 13:05:56.121813
32,2023-06-26 00:00:00+05:30,81.25,84.0,80.0,80.3499984741211,893985,0.0,0.0,2023-06-26,79.61523653459767,77.90575958612303,57.773638145928984,27.728641534537577,78.56175465186615,78.40749931335449,80.52987101581931,1.709476948474645,1.575228531000749,78.40749931335449,2.5987988443388637,81.00629815769335,75.80870046901563,83.60509700203222,73.20990162467676,EMIL.NS,2023-08-10 13:05:56.121813
33,2023-06-23 00:00:00+05:30,79.80000305175781,82.0999984741211,79.1500015258789,81.25,689917,0.0,0.0,2023-06-23,79.48164345468433,77.71022047508318,60.88457861242454,27.655236704846537,78.37351846004985,78.12999954223633,80.6198072866684,1.7714229796011551,1.5416664266322748,78.12999954223633,2.675640179784281,80.80563972202062,75.45435936245205,83.4812799018049,72.77871918266777,EMIL.NS,2023-08-10 13:05:56.121813
34,2023-06-22 00:00:00+05:30,82.30000305175781,82.5,78.05000305175781,79.5,712050,0.0,0.0,2023-06-22,79.16012408280876,77.42703811308982,56.672070233041524,28.24488577904969,78.07073092952878,77.84249954223633,80.3047109300026,1.7330859697189425,1.4842272883900547,77.84249954223633,2.6313027271632894,80.47380226939961,75.21119681507304,83.1051049965629,72.57989408790975,EMIL.NS,2023-08-10 13:05:56.121813
35,2023-06-21 00:00:00+05:30,82.4000015258789,83.6500015258789,81.4000015258789,81.8499984741211,691243,0.0,0.0,2023-06-21,79.09832846150127,77.26120116213701,65.46297634689616,28.87989247434539,77.9202815536897,77.58499946594239,80.70706639500389,1.837127299364255,1.4220126180578325,77.58499946594239,2.711335434751406,80.2963349006938,74.87366403119098,83.0076703354452,72.16232859643958,EMIL.NS,2023-08-10 13:05:56.121813
36,2023-06-20 00:00:00+05:30,81.8499984741211,84.19999694824219,81.05000305175781,81.8499984741211,1027168,0.0,0.0,2023-06-20,78.59802482284312,76.89409737717828,65.46297634689616,27.464264413167527,77.50662714101271,77.12249946594238,80.13560035544529,1.7039274456648315,1.3182339477312268,77.12249946594238,2.7343559840599654,79.85685545000234,74.38814348188242,82.59121143406232,71.65378749782245,EMIL.NS,2023-08-10 13:05:56.121813
37,2023-06-19 00:00:00+05:30,80.4000015258789,84.69999694824219,80.05000305175781,81.9000015258789,2128343,0.0,0.0,2023-06-19,78.00675688624712,76.49762528942286,65.64979951980126,25.939741885745217,77.04943015858025,76.76249961853027,79.27840129610739,1.5091315968242611,1.2218105732478257,76.76249961853027,2.5467146193135135,79.30921423784379,74.21578499921675,81.8559288571573,71.66907037990325,EMIL.NS,2023-08-10 13:05:56.121813
38,2023-06-16 00:00:00+05:30,77.3499984741211,81.4000015258789,76.75,79.9000015258789,1054836,0.0,0.0,2023-06-16,77.2988942244959,76.06543519050638,61.57691038950461,24.29794839467504,76.5388436988646,76.21999969482422,77.96760118122162,1.2334590339895186,1.1499803173537166,76.21999969482422,2.5503551819226247,78.77035487674685,73.6696445129016,81.32071005866948,71.11928933097897,EMIL.NS,2023-08-10 13:05:56.121813
39,2023-06-15 00:00:00+05:30,76.6500015258789,77.69999694824219,75.94999694824219,76.19999694824219,277724,0.0,0.0,2023-06-15,76.82596562424445,75.75866988367657,51.74884405173323,23.416410200222806,76.18503761181046,75.86999969482422,77.00140100889297,1.0672957405678716,1.129110638194766,75.86999969482422,2.498545828555668,78.36854552337988,73.37145386626855,80.86709135193556,70.87290803771288,EMIL.NS,2023-08-10 13:05:56.121813
40,2023-06-14 00:00:00+05:30,77.5,78.75,76.05000305175781,76.6500015258789,302606,0.0,0.0,2023-06-14,76.93977811079031,75.72336371851132,53.28817772951374,23.92332813785052,76.18346294481765,75.62999992370605,77.40210303921836,1.2164143922789918,1.1445643626014894,75.62999992370605,2.6884928426129555,78.31849276631901,72.94150708109309,81.00698560893196,70.25301423848015,EMIL.NS,2023-08-10 13:05:56.121813
41,2023-06-13 00:00:00+05:30,78.44999694824219,79.25,77.4000015258789,77.69999694824219,202910,0.0,0.0,2023-06-13,76.99246476259239,75.64923269392192,56.959209772517205,24.40227807558602,76.1343536204954,75.3875,77.77815379588807,1.3432320686704742,1.1266018551821138,75.3875,2.807735836667101,78.19523583666711,72.5797641633329,81.0029716733342,69.7720283266658,EMIL.NS,2023-08-10 13:05:56.121813
42,2023-06-12 00:00:00+05:30,78.0,79.0,77.30000305175781,77.69999694824219,301299,0.0,0.0,2023-06-12,76.8638225470197,75.4851715535763,56.959209772517205,23.9853376741554,75.96954905967996,75.09500007629394,77.817232219711,1.3786509934434008,1.0724443018100236,75.09500007629394,2.8584075511798144,77.95340762747375,72.23659252511413,80.81181517865357,69.37818497393431,EMIL.NS,2023-08-10 13:05:56.121813
43,2023-06-09 00:00:00+05:30,77.75,78.75,77.19999694824219,77.8499984741211,418398,0.0,0.0,2023-06-09,76.71179083770652,75.30798552200302,57.446687627844575,23.63368358759342,75.78739665035762,74.78000030517578,77.87584985544541,1.4038053157034938,0.9958926289016792,74.78000030517578,2.903010137524337,77.68301044270011,71.87699016765144,80.58602058022444,68.97398003012711,EMIL.NS,2023-08-10 13:05:56.121813
44,2023-06-08 00:00:00+05:30,79.8499984741211,79.8499984741211,76.75,77.25,302269,0.0,0.0,2023-06-08,76.50484399472205,75.10462448583358,56.04958195990944,23.34858166438991,75.57028066890882,74.42500038146973,77.88877554610755,1.400219508888469,0.8939144572012254,74.42500038146973,2.9416912795423493,77.36669166101208,71.48330910192738,80.30838294055442,68.54161782238504,EMIL.NS,2023-08-10 13:05:56.121813
45,2023-06-07 00:00:00+05:30,81.0,81.6500015258789,78.80000305175781,79.5,490942,0.0,0.0,2023-06-07,76.36936108467151,74.93299444470026,63.28461671311362,23.0415488240169,75.39346810774133,74.13250045776367,78.20816331916132,1.4363666399712542,0.7673381942794144,74.13250045776367,2.9368464578509563,77.06934691561463,71.19565399991271,80.00619337346558,68.25880754206176,EMIL.NS,2023-08-10 13:05:56.121813
46,2023-06-06 00:00:00+05:30,80.0,80.8499984741211,78.0999984741211,79.19999694824219,620117,0.0,0.0,2023-06-06,75.80015400915725,74.56763400027629,62.688313461985565,21.369790477756872,74.96120159276673,73.74000053405761,77.56224497874197,1.232520008880968,0.6000810828564545,73.74000053405761,2.696468460701088,76.4364689947587,71.04353207335653,79.1329374554598,68.34706361265543,EMIL.NS,2023-08-10 13:05:56.121813
47,2023-06-05 00:00:00+05:30,78.0,81.0,77.69999694824219,80.0,981252,0.0,0.0,2023-06-05,75.18200074750544,74.19704496443902,65.31504942153964,19.791199337103727,74.51501260797983,73.46750068664551,76.74336899399185,0.9849557830664253,0.44197135135032606,73.46750068664551,2.371445449078815,75.83894613572433,71.09605523756669,78.21039158480313,68.72460978848788,EMIL.NS,2023-08-10 13:05:56.121813
48,2023-06-02 00:00:00+05:30,74.30000305175781,78.6500015258789,73.80000305175781,77.5999984741211,1293471,0.0,0.0,2023-06-02,74.30600088341552,73.73280856159414,60.73139486576067,18.09117810870803,73.93764551408296,73.29000053405761,75.11505349098778,0.5731923218213808,0.30622524342130125,73.29000053405761,1.9526355661443062,75.24263610020192,71.3373649679133,77.19527166634623,69.384729401769,EMIL.NS,2023-08-10 13:05:56.121813
49,2023-06-01 00:00:00+05:30,74.30000305175781,74.75,72.30000305175781,73.1500015258789,250441,0.0,0.0,2023-06-01,73.70709223055997,73.42343336859199,49.165010377280055,16.94145008710468,73.55213467618421,73.30750045776367,73.8725809994211,0.28365886196797874,0.23948347382128135,73.30750045776367,1.9944170341959648,75.30191749195963,71.3130834235677,77.29633452615559,69.31866638937174,EMIL.NS,2023-08-10 13:05:56.121813
50,2023-05-31 00:00:00+05:30,75.4000015258789,75.4000015258789,73.05000305175781,73.55000305175781,242777,0.0,0.0,2023-05-31,73.80838144959289,73.44530791600903,50.4041894846595,17.283867760371045,73.5944644814795,73.44500045776367,74.23387073619219,0.36307353358385797,0.228439626784607,73.44500045776367,2.076109946563318,75.52111040432699,71.36889051120035,77.59722035089031,69.29278056463703,EMIL.NS,2023-08-10 13:05:56.121813
51,2023-05-30 00:00:00+05:30,75.0,75.5999984741211,74.19999694824219,75.19999694824219,400573,0.0,0.0,2023-05-30,73.85535934010835,73.43693230514913,55.79030896941487,17.150990789288098,73.59914463197653,73.50750045776367,74.57580457840936,0.4184270349592225,0.19478115008479424,73.50750045776367,2.0981357537127705,75.60563621147644,71.4093647040509,77.7037719651892,69.31122895033813,EMIL.NS,2023-08-10 13:05:56.121813
52,2023-05-29 00:00:00+05:30,76.5,76.55000305175781,73.5,74.80000305175781,723383,0.0,0.0,2023-05-29,73.61087977499311,73.29588713370168,54.70064464225282,16.184277845137082,73.43063386184329,73.53250045776367,74.26370839349293,0.31499264129142546,0.13886967886618715,73.53250045776367,2.1222046092836155,75.65470506704729,71.41029584848006,77.7769096763309,69.28809123919645,EMIL.NS,2023-08-10 13:05:56.121813
53,2023-05-26 00:00:00+05:30,74.5999984741211,77.9000015258789,73.94999694824219,75.5,1384581,0.0,0.0,2023-05-26,73.39467554285407,73.17555786025719,56.982948894593505,15.143202366820603,73.28648973658913,73.62750015258788,73.99556106436049,0.21911768259688813,0.09483893825987755,73.62750015258788,2.222105071426239,75.84960522401413,71.40539508116164,78.07171029544037,69.1832900097354,EMIL.NS,2023-08-10 13:05:56.121813
54,2023-05-25 00:00:00+05:30,73.05000305175781,75.25,72.5999984741211,74.3499984741211,312311,0.0,0.0,2023-05-25,73.01188927791844,72.98960248907775,54.05880672935211,13.709674525257132,73.0534886562301,73.64750022888184,73.24334159654072,0.022286788840688132,0.06376925217562489,73.64750022888184,2.2415604852625837,75.88906071414442,71.40593974361926,78.130621199407,69.16437925835667,EMIL.NS,2023-08-10 13:05:56.121813
55,2023-05-24 00:00:00+05:30,74.55000305175781,76.3499984741211,71.6500015258789,72.5999984741211,703954,0.0,0.0,2023-05-24,72.76859669679068,72.8807708102743,49.1770859487041,13.217974546612506,72.91701393855737,73.71500015258789,72.69001315775051,-0.1121741134836185,0.07413986800935907,73.71500015258789,2.2837571649083754,75.99875731749627,71.43124298767951,78.28251448240464,69.14748582277115,EMIL.NS,2023-08-10 13:05:56.121813
56,2023-05-23 00:00:00+05:30,71.0,75.0999984741211,70.9000015258789,74.6500015258789,543480,0.0,0.0,2023-05-23,72.79925091909425,72.90323259716655,55.60408928234308,12.688451492687525,72.95038398744539,73.81500015258788,72.73502049956522,-0.10398167807230152,0.12071836338260346,73.81500015258788,2.2761391857273714,76.09113933831526,71.53886096686051,78.36727852404263,69.26272178113314,EMIL.NS,2023-08-10 13:05:56.121813
57,2023-05-22 00:00:00+05:30,72.8499984741211,73.0,70.1500015258789,71.05000305175781,357668,0.0,0.0,2023-05-22,72.46275080876977,72.76349108286956,43.58033142012717,12.681832783949657,72.7714768781366,73.89000015258789,71.77752998640838,-0.30074027409979465,0.17689337374632969,73.89000015258789,2.3291955510223383,76.21919570361023,71.56080460156555,78.54839125463256,69.23160905054321,EMIL.NS,2023-08-10 13:05:56.121813
58,2023-05-19 00:00:00+05:30,72.25,73.9000015258789,71.44999694824219,72.9000015258789,323667,0.0,0.0,2023-05-19,72.7196140373174,72.9005701253585,50.04835516613477,13.519847887470677,72.95268464933437,74.15499992370606,72.14129345373365,-0.18095608804109986,0.29630178570786075,74.15499992370606,2.2902470220539524,76.44524694576,71.86475290165211,78.73549396781397,69.57450587959815,EMIL.NS,2023-08-10 13:05:56.121813
59,2023-05-18 00:00:00+05:30,71.80000305175781,72.5,71.25,71.4000015258789,91272,0.0,0.0,2023-05-18,72.68681631212439,72.90061561331686,43.76449481089355,13.895377119587407,72.95823024127705,74.31999969482422,71.76193941766101,-0.21379930119246637,0.4156162541451009,74.31999969482422,2.313824475680963,76.63382417050518,72.00617521914326,78.94764864618614,69.6923507434623,EMIL.NS,2023-08-10 13:05:56.121813
60,2023-05-17 00:00:00+05:30,72.0,72.9000015258789,71.25,71.80000305175781,118722,0.0,0.0,2023-05-17,72.9207826368963,73.0206647403119,45.17159896266319,14.794075836029734,73.12225431658212,74.52749977111816,71.94290836355205,-0.09988210341559522,0.5729701429794927,74.52749977111816,2.2224605105618513,76.74996028168,72.30503926055631,78.97242079224186,70.08257874999445,EMIL.NS,2023-08-10 13:05:56.121813
61,2023-05-16 00:00:00+05:30,72.0999984741211,72.44999694824219,71.44999694824219,71.8499984741211,105095,0.0,0.0,2023-05-16,73.12456074328512,73.11831767539623,45.34080618346781,15.761905222967624,73.26143866024783,74.67749977111816,72.01436101944915,0.006243067888888731,0.7411832045782646,74.67749977111816,2.1279135244470466,76.80541329556522,72.54958624667111,78.93332682001225,70.42167272222407,EMIL.NS,2023-08-10 13:05:56.121813
62,2023-05-15 00:00:00+05:30,70.75,73.0,70.3499984741211,71.4000015258789,357565,0.0,0.0,2023-05-15,73.35629933767858,73.21978321149824,43.57441316677417,16.536581464381054,73.41001131141907,74.825,72.09654229211318,0.13651612618033937,0.9249182387506085,74.825,2.0211698085099696,76.84616980850997,72.80383019149004,78.86733961701994,70.78266038298007,EMIL.NS,2023-08-10 13:05:56.121813
63,2023-05-12 00:00:00+05:30,72.0999984741211,72.3499984741211,70.4000015258789,70.75,172616,0.0,0.0,2023-05-12,73.71198984891488,73.36536574634778,41.01782324236318,17.37084818590321,73.62159128884434,74.90750007629394,72.44481267523031,0.3466241025671053,1.1220187668931758,74.90750007629394,1.9043066823522843,76.81180675864623,73.00319339394166,78.71611344099851,71.09888671158937,EMIL.NS,2023-08-10 13:05:56.121813
64,2023-05-11 00:00:00+05:30,72.0,72.69999694824219,70.80000305175781,71.4000015258789,240394,0.0,0.0,2023-05-11,74.2505334578085,73.5745950060556,42.81934852152143,17.909404805519905,73.9238640560911,74.9775001525879,73.29221901284546,0.6759384517528986,1.3158674329746933,74.9775001525879,1.7640009253207032,76.7415010779086,73.21349922726719,78.5055020032293,71.44949830194649,EMIL.NS,2023-08-10 13:05:56.121813
65,2023-05-10 00:00:00+05:30,74.5,74.94999694824219,70.9000015258789,71.6500015258789,395528,0.0,0.0,2023-05-10,74.7688119908866,73.74856248446973,43.50171246990752,18.668313100175837,74.18953379611344,74.99249992370605,74.23832775632874,1.0202495064168744,1.4758496782801418,74.99249992370605,1.7329821724996934,76.72548209620574,73.25951775120636,78.45846426870544,71.52653557870666,EMIL.NS,2023-08-10 13:05:56.121813
66,2023-05-09 00:00:00+05:30,76.1500015258789,77.19999694824219,73.44999694824219,73.75,300809,0.0,0.0,2023-05-09,75.33586843906981,73.916447361157,49.67649337604711,19.52847030480603,74.45685298245391,74.99499969482422,75.53249087155365,1.4194210779128156,1.5897497212459584,74.99499969482422,1.727935676201091,76.7229353710253,73.26706401862313,78.4508710472264,71.53912834242203,EMIL.NS,2023-08-10 13:05:56.121813
67,2023-05-08 00:00:00+05:30,78.4000015258789,78.6500015258789,76.0999984741211,76.44999694824219,132917,0.0,0.0,2023-05-08,75.62420815526433,73.92976315004955,59.81250153122609,20.414100471315557,74.53125855955433,74.85999984741211,76.42373630733047,1.6944450052147744,1.6323318820792438,74.85999984741211,1.9246045037104502,76.78460435112257,72.93539534370166,78.70920885483301,71.01079083999122,EMIL.NS,2023-08-10 13:05:56.121813
68,2023-05-05 00:00:00+05:30,75.1500015258789,81.5,75.1500015258789,77.94999694824219,850810,0.0,0.0,2023-05-05,75.47406473835926,73.72814444619414,66.84894836605207,19.7652396227778,74.3292860975872,74.58250007629394,76.4106059868746,1.745920292165124,1.6168036012953613,74.58250007629394,2.077337882519135,76.65983795881307,72.50516219377481,78.7371758413322,70.42782431125568,EMIL.NS,2023-08-10 13:05:56.121813
69,2023-05-04 00:00:00+05:30,74.8499984741211,76.75,74.8499984741211,75.9000015258789,593354,0.0,0.0,2023-05-04,75.02389524565326,73.39039624603029,61.031176969672984,19.066466401275594,73.94815863962351,74.1025001525879,75.64091050619079,1.6334989996229723,1.5845244285779205,74.1025001525879,2.349550498871297,76.45205065145919,71.7529496537166,78.80160115033048,69.4033991548453,EMIL.NS,2023-08-10 13:05:56.121813
70,2023-05-03 00:00:00+05:30,75.4000015258789,76.9000015258789,74.0,74.80000305175781,235741,0.0,0.0,2023-05-03,74.86460319470315,73.18962782364241,57.297216955452846,20.42780139305386,73.74270149370189,73.62000007629395,75.51136499634673,1.6749753710607393,1.5722807858166574,73.62000007629395,2.889745794457543,76.50974587075149,70.73025428183641,79.39949166520904,67.84050848737886,EMIL.NS,2023-08-10 13:05:56.121813
71,2023-05-02 00:00:00+05:30,77.4000015258789,77.69999694824219,75.5,75.69999694824219,679046,0.0,0.0,2023-05-02,74.87634867523867,73.06079780539318,61.79580817388213,21.893854461122757,73.63140659285389,73.23250007629395,75.86704596864118,1.8155508698454952,1.5466071395056367,73.23250007629395,3.2235262912353506,76.45602636752929,70.0089737850586,79.67955265876465,66.78544749382324,EMIL.NS,2023-08-10 13:05:56.121813
72,2023-04-28 00:00:00+05:30,76.05000305175781,77.0,75.9000015258789,76.69999694824219,198223,0.0,0.0,2023-04-28,74.72659444378348,72.84966187396525,67.24286654797633,22.691196826989017,73.41366023965513,72.6650001525879,75.95057047884066,1.876932569818237,1.4793712069206721,72.6650001525879,3.7261556588585285,76.39115581144642,68.93884449372936,80.11731147030495,65.21268883487083,EMIL.NS,2023-08-10 13:05:56.121813
73,2023-04-27 00:00:00+05:30,76.0,76.80000305175781,75.0999984741211,75.9000015258789,199535,0.0,0.0,2023-04-27,74.36779398842735,72.54163506802308,64.94763987818716,23.95867029187538,73.06773005980386,71.98750038146973,75.57585724413988,1.8261589204042679,1.379980866196281,71.98750038146973,4.160429917150226,76.14793029861995,67.8270704643195,80.30836021577018,63.66664054716928,EMIL.NS,2023-08-10 13:05:56.121813
74,2023-04-26 00:00:00+05:30,73.94999694824219,76.19999694824219,73.5,75.69999694824219,257279,0.0,0.0,2023-04-26,74.08921079979979,72.27296575139462,64.36805839101815,25.44047352323773,72.76959622126964,71.42500038146973,75.41378510327036,1.8162450484051647,1.2684363526442841,71.42500038146973,4.359366588862038,75.78436697033177,67.06563379260768,80.1437335591938,62.706267203745654,EMIL.NS,2023-08-10 13:05:56.121813
75,2023-04-25 00:00:00+05:30,76.94999694824219,76.94999694824219,71.4000015258789,74.5999984741211,171299,0.0,0.0,2023-04-25,73.79634059099207,71.9988032556468,61.081582763853184,27.382626737242504,72.46113298685148,70.93500061035157,75.27067918078443,1.7975373353452682,1.131484178704064,70.93500061035157,4.404097883969403,75.33909849432096,66.53090272638217,79.74319637829038,62.12680484241276,EMIL.NS,2023-08-10 13:05:56.121813
76,2023-04-24 00:00:00+05:30,76.0,76.8499984741211,75.69999694824219,76.1500015258789,168448,0.0,0.0,2023-04-24,73.65022097587772,71.79070763816887,69.46478522331691,29.474176352324566,72.23598925134941,70.53250083923339,75.60601953411609,1.8595133377088473,0.9649708895437628,70.53250083923339,4.419343593748577,74.95184443298197,66.11315724548481,79.37118802673055,61.693813651736235,EMIL.NS,2023-08-10 13:05:56.121813
77,2023-04-21 00:00:00+05:30,76.69999694824219,76.75,76.0,76.3499984741211,188179,0.0,0.0,2023-04-21,73.19571542133204,71.44196412715206,70.6261776488139,28.548770427995404,71.82398795929367,70.02250061035156,75.33402853823466,1.7537512941799775,0.7413352775024916,70.02250061035156,4.324485862168568,74.34698647252013,65.69801474818298,78.67147233468869,61.37352888601442,EMIL.NS,2023-08-10 13:05:56.121813
78,2023-04-20 00:00:00+05:30,76.94999694824219,76.94999694824219,75.69999694824219,76.19999694824219,188573,0.0,0.0,2023-04-20,72.62220941173402,71.04932137939454,70.28012848869128,27.253435307443937,71.34756579983816,69.51000061035157,74.82604357029145,1.5728880323394776,0.48823127333312005,69.51000061035157,4.138510094622435,73.648510704974,65.37149051572914,77.78702079959643,61.232980421106696,EMIL.NS,2023-08-10 13:05:56.121813
79,2023-04-19 00:00:00+05:30,74.6500015258789,76.5,74.5,75.55000305175781,251592,0.0,0.0,2023-04-19,71.97170258691435,70.63726733388673,68.80118046366756,25.85845902377313,70.83678357369037,69.07500076293945,74.13906688131607,1.3344352530276211,0.2170670835815306,69.07500076293945,3.845144610039468,72.92014537297892,65.22985615289998,76.76528998301839,61.384711542860515,EMIL.NS,2023-08-10 13:05:56.121813
80,2023-04-18 00:00:00+05:30,75.25,75.30000305175781,74.5,74.80000305175781,198185,0.0,0.0,2023-04-18,71.32110250239737,70.24424847645703,67.04405412558752,24.510783147543748,70.34065520757801,68.62250061035157,73.43359879609518,1.0768540259403352,-0.06227495877999206,68.62250061035157,3.5653851264424925,72.18788573679406,65.05711548390907,75.75327086323655,61.49173035746658,EMIL.NS,2023-08-10 13:05:56.121813
81,2023-04-17 00:00:00+05:30,72.94999694824219,75.25,71.8499984741211,74.80000305175781,453516,0.0,0.0,2023-04-17,70.68857512978639,69.87978811043297,67.04405412558752,23.49616512840199,69.87125017134856,68.20250053405762,72.75039666826386,0.8087870193534172,-0.34705720496007386,68.20250053405762,3.2829496956760678,71.48545022973369,64.91955083838155,74.76839992540975,61.63660114270549,EMIL.NS,2023-08-10 13:05:56.121813
82,2023-04-13 00:00:00+05:30,72.0,74.0999984741211,71.69999694824219,73.05000305175781,357236,0.0,0.0,2023-04-13,69.94104278033704,69.48617091512698,62.83257427369292,22.422164535713858,69.35243407867391,67.80500030517578,71.72559347651688,0.45487186521006606,-0.6360182610384466,67.80500030517578,2.901174980610637,70.70617528578641,64.90382532456515,73.60735026639705,62.00265034395451,EMIL.NS,2023-08-10 13:05:56.121813
83,2023-04-12 00:00:00+05:30,72.1500015258789,72.8499984741211,71.6500015258789,72.1500015258789,237457,0.0,0.0,2023-04-12,69.37577727644235,69.20106434419651,60.416946483076394,21.702011428712446,68.9632162920335,67.54750022888183,71.06338868889641,0.17471293224583917,-0.9087407926005746,67.54750022888183,2.626708513958661,70.17420874284049,64.92079171492317,72.80091725679915,62.29408320096451,EMIL.NS,2023-08-10 13:05:56.121813
84,2023-04-11 00:00:00+05:30,72.0999984741211,72.4000015258789,71.25,71.69999694824219,219227,0.0,0.0,2023-04-11,68.87137286745389,68.96514936966192,59.18534855958482,21.455390311415222,68.6277652147866,67.42000007629395,70.52008227040515,-0.09377650220802991,-1.179604223812178,67.42000007629395,2.4473074335127345,69.86730750980668,64.97269264278121,72.31461494331941,62.52538520926848,EMIL.NS,2023-08-10 13:05:56.121813
85,2023-04-10 00:00:00+05:30,71.94999694824219,72.4000015258789,70.94999694824219,71.69999694824219,215520,0.0,0.0,2023-04-10,68.35707758003782,68.74636156337549,59.18534855958482,21.39121972522773,68.30437240073864,67.21750030517578,69.93012493148663,-0.3892839833376627,-1.451061154213215,67.21750030517578,2.2326685013946066,69.45016880657039,64.98483180378116,71.68283730796499,62.75216330238656,EMIL.NS,2023-08-10 13:05:56.121813
86,2023-04-06 00:00:00+05:30,70.0,71.75,70.0,71.05000305175781,234386,0.0,0.0,2023-04-06,67.74927405854612,68.51007073258616,57.539947954129914,21.32211294010274,67.94693823784354,67.02750053405762,69.04518892310885,-0.7607966740400371,-1.716505446932103,67.02750053405762,1.9783352598364845,69.00583579389411,65.04916527422114,70.98417105373059,63.070830014384654,EMIL.NS,2023-08-10 13:05:56.121813
87,2023-04-05 00:00:00+05:30,68.69999694824219,71.6500015258789,67.80000305175781,70.9000015258789,661812,0.0,0.0,2023-04-05,67.1491415143258,68.30687614705242,57.16995168559242,21.519090504519856,67.62029983637888,66.93750038146973,68.04278185878437,-1.1577346327266156,-1.9554326401551194,66.93750038146973,1.820343727342468,68.7578441088122,65.11715665412727,70.57818783615467,63.296812926784796,EMIL.NS,2023-08-10 13:05:56.121813
88,2023-04-03 00:00:00+05:30,66.80000305175781,69.0,66.5,68.3499984741211,311172,0.0,0.0,2023-04-03,66.46716696677069,68.0994261167463,50.33872083570331,21.772015836557177,67.2750680795894,66.85000038146973,66.61417202523708,-1.63225914997561,-2.1548571420122453,66.85000038146973,1.6543403109204986,68.50434069239023,65.19566007054922,70.15868100331072,63.54131975962873,EMIL.NS,2023-08-10 13:05:56.121813
89,2023-03-31 00:00:00+05:30,67.19999694824219,68.0,65.55000305175781,66.25,301576,0.0,0.0,2023-03-31,66.12483396543425,68.07938032815632,43.44025946090436,23.2482163498498,67.16191751174397,66.85750045776368,65.74625880079506,-1.9545463627220698,-2.285506640021404,66.85750045776368,1.6618216837443958,68.51932214150807,65.19567877401929,70.18114382525246,63.533857090274886,EMIL.NS,2023-08-10 13:05:56.121813
90,2023-03-29 00:00:00+05:30,64.5,68.0999984741211,64.44999694824219,67.05000305175781,697499,0.0,0.0,2023-03-29,66.1020765046041,68.22573075440883,45.68515124802736,24.696429353839704,67.25790882876964,66.97000045776367,65.49438820119258,-2.12365424980473,-2.3682467093462374,66.97000045776367,1.6943714531347547,68.66437191089842,65.27562900462893,70.35874336403319,63.58125755149417,EMIL.NS,2023-08-10 13:05:56.121813
91,2023-03-28 00:00:00+05:30,63.0,65.0,61.599998474121094,64.3499984741211,599107,0.0,0.0,2023-03-28,65.92972622330343,68.3197889706209,35.18869036552415,26.256043358136523,67.27979364740247,67.12750015258788,64.71658077590995,-2.3900627473174723,-2.4293948242316143,67.12750015258788,1.8421576542457092,68.9696578068336,65.28534249834217,70.8118154610793,63.443184844096464,EMIL.NS,2023-08-10 13:05:56.121813
92,2023-03-27 00:00:00+05:30,65.0,65.0,61.70000076293945,63.150001525878906,528734,0.0,0.0,2023-03-27,66.21694945042749,68.63737221034089,29.571690974662587,26.02516929887348,67.58819313932682,67.23750038146973,64.89987192680437,-2.420422759913393,-2.4392278434601495,67.23750038146973,1.729836286128428,68.96733666759816,65.5076640953413,70.69717295372658,63.77782780921287,EMIL.NS,2023-08-10 13:05:56.121813
93,2023-03-24 00:00:00+05:30,66.0999984741211,66.69999694824219,64.4000015258789,64.6500015258789,340078,0.0,0.0,2023-03-24,66.77457634579996,69.07636186509784,32.87919249059095,25.815583610502376,68.05537120390028,67.47000045776367,65.7748071272671,-2.30178551929788,-2.443929114346839,67.47000045776367,1.439699797096176,68.90970025485986,66.03030066066749,70.34940005195602,64.59060086357132,EMIL.NS,2023-08-10 13:05:56.121813
94,2023-03-23 00:00:00+05:30,66.9000015258789,67.75,65.5,65.9000015258789,324740,0.0,0.0,2023-03-23,67.16086267669469,69.43047069223535,35.994446494818376,26.792154576784732,68.41383117000778,67.78750038146973,66.33720992796118,-2.269608015540655,-2.4794650131090785,67.78750038146973,1.4845582963630601,69.27205867783279,66.30294208510666,70.75661697419585,64.8183837887436,EMIL.NS,2023-08-10 13:05:56.121813
95,2023-03-22 00:00:00+05:30,66.1500015258789,68.94999694824219,66.1500015258789,66.55000305175781,304400,0.0,0.0,2023-03-22,67.3901101586612,69.71290822554386,37.72014254750462,28.44863774858535,68.67844481675819,68.09750022888184,66.55581412900231,-2.3227980668826547,-2.531929262501184,68.09750022888184,1.701196840803899,69.79869706968574,66.39630338807794,71.49989391048965,64.69510654727404,EMIL.NS,2023-08-10 13:05:56.121813
96,2023-03-21 00:00:00+05:30,66.25,66.94999694824219,65.69999694824219,65.94999694824219,252646,0.0,0.0,2023-03-21,67.54285690537091,69.96594063944674,35.05111076973148,30.613333334387555,68.90249131833717,68.37250022888183,66.55871966762456,-2.4230837340758313,-2.5842120614058164,68.37250022888183,1.8736732033164754,70.2461734321983,66.49882702556536,72.11984663551479,64.62515382224888,EMIL.NS,2023-08-10 13:05:56.121813
97,2023-03-20 00:00:00+05:30,68.8499984741211,68.9000015258789,65.30000305175781,66.0999984741211,220411,0.0,0.0,2023-03-20,67.83246780666704,70.2872161347431,35.40332386417161,31.590527305088273,69.2132801993998,68.70000038146972,66.86308102731573,-2.4547483280760645,-2.624494143238312,68.70000038146972,1.9963780282336505,70.69637840970337,66.70362235323607,72.69275643793702,64.70724432500242,EMIL.NS,2023-08-10 13:05:56.121813
98,2023-03-17 00:00:00+05:30,66.80000305175781,67.94999694824219,66.05000305175781,67.5,238322,0.0,0.0,2023-03-17,68.14746223076631,70.62219354759286,38.78063201781699,32.64289004276597,69.54099406521861,69.08250045776367,67.24462230391305,-2.4747313168265492,-2.666930597028874,69.08250045776367,2.194986386030313,71.27748684379398,66.88751407173336,73.4724732298243,64.69252768570304,EMIL.NS,2023-08-10 13:05:56.121813
99,2023-03-16 00:00:00+05:30,66.0,66.69999694824219,64.6500015258789,66.5,336359,0.0,0.0,2023-03-16,68.26518263636018,70.87196903140028,34.64549950658785,33.07384564018332,69.75583554576794,69.44500045776367,67.11693345586957,-2.6067863950401033,-2.714980417079455,69.44500045776367,2.497677424546938,71.9426778823106,66.94732303321673,74.44035530685754,64.4496456086698,EMIL.NS,2023-08-10 13:05:56.121813
100,2023-03-15 00:00:00+05:30,67.5,68.1500015258789,65.80000305175781,66.4000015258789,203772,0.0,0.0,2023-03-15,68.58612493388021,71.2217265539123,34.23299951788165,32.516738964594815,70.0985550769014,69.83500061035156,67.42540018380434,-2.635601620032091,-2.742028922589293,69.83500061035156,2.619617066590052,72.45461767694161,67.2153835437615,75.07423474353166,64.59576647717145,EMIL.NS,2023-08-10 13:05:56.121813
101,2023-03-14 00:00:00+05:30,68.0999984741211,68.0999984741211,66.19999694824219,66.8499984741211,360691,0.0,0.0,2023-03-14,68.98360191715318,71.60746455615497,35.16031832974507,32.36681259628704,70.48787650332483,70.30000038146973,67.93809951276705,-2.6238626390017856,-2.768635748228593,70.30000038146973,2.797178517590928,73.09717889906065,67.50282186387881,75.89435741665159,64.70564334628787,EMIL.NS,2023-08-10 13:05:56.121813
102,2023-03-13 00:00:00+05:30,69.69999694824219,69.8499984741211,67.05000305175781,67.9000015258789,305417,0.0,0.0,2023-03-13,69.37152981588628,71.98806184271767,37.35260376693901,32.370169672497255,70.87081103271468,70.66750030517578,68.48215003209002,-2.6165320268313934,-2.8048290255352946,70.66750030517578,2.802877109308449,73.47037741448423,67.86462319586732,76.27325452379267,65.06174608655888,EMIL.NS,2023-08-10 13:05:56.121813
103,2023-03-10 00:00:00+05:30,67.5,70.5,66.75,69.5999984741211,561703,0.0,0.0,2023-03-10,69.63908041406944,72.31510666806477,41.21615537762861,32.732805244121316,71.18352782290793,71.07750015258789,68.77322428519557,-2.6760262539953317,-2.85190327521127,71.07750015258789,2.971418862503995,74.04891901509188,68.10608129008389,77.02033787759588,65.1346624275799,EMIL.NS,2023-08-10 13:05:56.121813
104,2023-03-09 00:00:00+05:30,68.25,69.0,67.0,67.6500015258789,165071,0.0,0.0,2023-03-09,69.64618622133278,72.53231532358026,33.93805200763508,33.12333585971646,71.35021512278023,71.48500022888183,68.35983719073279,-2.88612910224748,-2.895872530515254,71.48500022888183,3.298926363089867,74.78392659197169,68.18607386579197,78.08285295506157,64.88714750270209,EMIL.NS,2023-08-10 13:05:56.121813
105,2023-03-08 00:00:00+05:30,69.0,69.25,67.69999694824219,67.9000015258789,238898,0.0,0.0,2023-03-08,70.00912889323348,72.92290042739637,34.44576322493239,32.39266867195382,71.7397112908751,71.96750030517578,68.71475502315973,-2.9137715341628905,-2.8983083875821976,71.96750030517578,3.4122558068653985,75.37975611204118,68.55524449831037,78.79201191890657,65.14298869144498,EMIL.NS,2023-08-10 13:05:56.121813
106,2023-03-06 00:00:00+05:30,69.1500015258789,70.0999984741211,68.0999984741211,69.25,254335,0.0,0.0,2023-03-06,70.39260659638886,73.32473233951778,37.239202925206556,31.842025496500433,72.14389126613787,72.46250038146972,69.12213177180013,-2.932125743128921,-2.8944426009370243,72.46250038146972,3.5078809362628594,75.97038131773259,68.95461944520686,79.47826225399544,65.44673850894401,EMIL.NS,2023-08-10 13:05:56.121813
107,2023-03-03 00:00:00+05:30,68.8499984741211,70.4000015258789,68.69999694824219,69.1500015258789,405755,0.0,0.0,2023-03-03,70.60035325027773,73.6507109266792,36.88715418012841,31.38494104923377,72.44851139941554,73.04750022888183,69.05819765770018,-3.050357676401461,-2.8850218153890497,73.04750022888183,3.8978556009920666,76.9453558298739,69.14964462788976,80.84321143086596,65.2517890268977,EMIL.NS,2023-08-10 13:05:56.121813
108,2023-03-02 00:00:00+05:30,68.0,71.4000015258789,67.9000015258789,68.5,493589,0.0,0.0,2023-03-02,70.86405356380479,74.01076767874322,34.67549000102218,31.09580921792072,72.79572296505098,73.42250022888183,69.0122957236108,-3.1467141149384332,-2.8436878501359466,73.42250022888183,3.8637812601025656,77.2862814889844,69.55871896877926,81.15006274908696,65.6949377086767,EMIL.NS,2023-08-10 13:05:56.121813
109,2023-03-01 00:00:00+05:30,70.5999984741211,70.69999694824219,68.05000305175781,68.5,361221,0.0,0.0,2023-03-01,71.29388148449657,74.45162909304268,34.67549000102218,30.78443647650667,73.2479043297932,73.88750038146972,69.2684435854162,-3.157747608546117,-2.767931283935325,73.88750038146972,3.799268118683734,77.68676850015345,70.088232262786,81.48603661883719,66.28896414410225,EMIL.NS,2023-08-10 13:05:56.121813
110,2023-02-28 00:00:00+05:30,66.9000015258789,70.69999694824219,65.25,70.19999694824219,767767,0.0,0.0,2023-02-28,71.80185993622321,74.9277594204861,37.65087145247614,29.985491735324317,73.74768373292933,74.45500030517579,69.65266537812428,-3.125899484262888,-2.6704772027826267,74.45500030517579,3.79985752081709,78.25485782599287,70.6551427843587,82.05471534680997,66.8552852635416,EMIL.NS,2023-08-10 13:05:56.121813
111,2023-02-27 00:00:00+05:30,67.80000305175781,68.9000015258789,64.69999694824219,66.55000305175781,666290,0.0,0.0,2023-02-27,72.09310775221975,75.30598041826562,24.783407542739454,29.125089706358704,74.12112444710692,74.95250053405762,69.37899959306532,-3.212872666045868,-2.5566216324125612,74.95250053405762,3.864257824658393,78.81675835871602,71.08824270939922,82.68101618337441,67.22398488474083,EMIL.NS,2023-08-10 13:05:56.121813
112,2023-02-24 00:00:00+05:30,71.1500015258789,71.8499984741211,67.5,67.80000305175781,722217,0.0,0.0,2023-02-24,73.10094497048556,76.00645860758625,26.52415853457235,27.00690373625171,74.91808459398578,75.44250030517578,70.79349786371907,-2.9055136371006967,-2.3925588740042345,75.44250030517578,3.326657269706644,78.76915757488243,72.11584303546914,82.09581484458907,68.7891857657625,EMIL.NS,2023-08-10 13:05:56.121813
113,2023-02-23 00:00:00+05:30,72.5,73.0,70.75,71.0,246359,0.0,0.0,2023-02-23,74.06475259207242,76.66297505205253,31.840469522917118,25.353705799214833,75.66735633527294,75.96500015258789,72.29024526969968,-2.598222459980107,-2.2643201832301187,75.96500015258789,2.8495659103280704,78.81456606291596,73.11543424225982,81.66413197324403,70.26586833193176,EMIL.NS,2023-08-10 13:05:56.121813
114,2023-02-22 00:00:00+05:30,72.0999984741211,72.4000015258789,71.1500015258789,72.0999984741211,288651,0.0,0.0,2023-02-22,74.6219803360856,77.11601305621674,34.01677536824285,24.58245625497049,76.15865700214378,76.40500030517578,72.93536790454952,-2.4940327201311447,-2.180844614042621,76.40500030517578,2.7189830694259083,79.12398337460168,73.68601723574987,81.8429664440276,70.96703416632396,EMIL.NS,2023-08-10 13:05:56.121813
115,2023-02-21 00:00:00+05:30,72.55000305175781,73.80000305175781,72.0,72.05000305175781,478300,0.0,0.0,2023-02-21,75.08052249280641,77.51729422278439,33.82586858907783,23.276381846745025,76.58588421561986,76.84750022888184,73.35305261976373,-2.436771729977977,-2.10254758752049,76.84750022888184,2.7015817956695947,79.54908202455144,74.14591843321224,82.25066382022104,71.44433663754265,EMIL.NS,2023-08-10 13:05:56.121813
116,2023-02-20 00:00:00+05:30,74.1500015258789,74.30000305175781,72.1500015258789,72.5,207625,0.0,0.0,2023-02-20,75.63152602754252,77.95467751646652,34.66402412743277,22.157102993794684,77.06334539076323,77.3,74.00457740376669,-2.3231514889239975,-2.018991551906118,77.3,2.612167693085413,79.91216769308541,74.68783230691459,82.52433538617082,72.07566461382918,EMIL.NS,2023-08-10 13:05:56.121813
117,2023-02-17 00:00:00+05:30,74.75,75.19999694824219,73.4000015258789,73.75,161859,0.0,0.0,2023-02-17,76.20089439618661,78.39105171778384,37.030767623887364,21.002336914358956,77.54369753715937,77.7599998474121,74.75686610565003,-2.1901573215972263,-1.9429515676516478,77.7599998474121,2.531204799792318,80.29120464720442,75.22879504761978,82.82240944699674,72.69759024782746,EMIL.NS,2023-08-10 13:05:56.121813
118,2023-02-16 00:00:00+05:30,74.30000305175781,75.5999984741211,74.25,74.75,142945,0.0,0.0,2023-02-16,76.64651155912964,78.76233585520654,39.00931206314949,20.189816527084332,77.94303412001825,78.15749969482422,75.26029915847505,-2.1158242960769087,-1.881150129165253,78.15749969482422,2.4922650112085543,80.64976470603278,75.66523468361567,83.14202971724133,73.17296967240712,EMIL.NS,2023-08-10 13:05:56.121813
119,2023-02-15 00:00:00+05:30,76.0,76.75,73.5,74.30000305175781,332001,0.0,0.0,2023-02-15,76.99133184260775,79.08332272362307,37.616538896339144,19.628956391384133,78.27914297475702,78.51249961853027,75.51544873771257,-2.0919908810153203,-1.822481587437339,78.51249961853027,2.4870115969514495,80.99951121548172,76.02548802157882,83.48652281243317,73.53847642462738,EMIL.NS,2023-08-10 13:05:56.121813
120,2023-02-14 00:00:00+05:30,74.5999984741211,76.0999984741211,73.0999984741211,75.69999694824219,649272,0.0,0.0,2023-02-14,77.48066435003501,79.46598829737229,40.27338128370164,19.024953168322384,78.69799980875695,78.94749946594239,76.12317158068996,-1.9853239473372781,-1.7551042640428434,78.94749946594239,2.4722389382447743,81.41973840418716,76.47526052769761,83.89197734243193,74.00302158945284,EMIL.NS,2023-08-10 13:05:56.121813
121,2023-02-13 00:00:00+05:30,74.1500015258789,75.9000015258789,73.5,74.19999694824219,405379,0.0,0.0,2023-02-13,77.80442205945188,79.76726760530269,35.7592285903481,17.972805611216632,79.01357905723219,79.39999961853027,76.33475889691383,-1.9628455458508114,-1.6975493432192343,79.39999961853027,2.6670992923628734,82.06709891089315,76.7329003261674,84.73419820325601,74.06580103380453,EMIL.NS,2023-08-10 13:05:56.121813
122,2023-02-10 00:00:00+05:30,77.5,78.4000015258789,72.0,76.0999984741211,2509653,0.0,0.0,2023-02-10,78.45977207967184,80.21264925786753,39.24827325788382,16.96379825059297,79.52027191081008,79.8974998474121,77.40213987124963,-1.7528771781956891,-1.6312252925613397,79.8974998474121,2.5723971501632406,82.46989699757535,77.32510269724887,85.04229414773859,74.75270554708563,EMIL.NS,2023-08-10 13:05:56.121813
123,2023-02-09 00:00:00+05:30,77.44999694824219,79.4000015258789,77.1500015258789,77.75,327611,0.0,0.0,2023-02-09,78.8888218261356,80.54166132056724,42.60004223956196,15.877174939152102,79.88030069361945,80.17000007629395,78.0532105698139,-1.652839494431646,-1.6008123211527523,80.17000007629395,2.43388294414938,82.60388302044332,77.73611713214457,85.03776596459271,75.30223418799518,EMIL.NS,2023-08-10 13:05:56.121813
124,2023-02-08 00:00:00+05:30,78.19999694824219,78.69999694824219,77.05000305175781,77.30000305175781,455735,0.0,0.0,2023-02-08,79.09588033997844,80.76499422621264,41.33120899827245,16.628705585846035,80.10454287189518,80.38500022888184,78.20481585472083,-1.6691138862342,-1.5878055278330288,80.38500022888184,2.3985241848054666,82.7835244136873,77.98647604407637,85.18204859849277,75.5879518592709,EMIL.NS,2023-08-10 13:05:56.121813
125,2023-02-07 00:00:00+05:30,81.0,81.44999694824219,77.4000015258789,77.80000305175781,337850,0.0,0.0,2023-02-07,79.42240348329128,81.04219352016902,42.295845049332165,17.046658579962344,80.39975758980437,80.5525001525879,78.65722225620235,-1.6197900368777454,-1.5674784382327358,80.5525001525879,2.2860830745663283,82.83858322715423,78.26641707802156,85.12466630172055,75.98033400345524,EMIL.NS,2023-08-10 13:05:56.121813
126,2023-02-06 00:00:00+05:30,76.5999984741211,81.4000015258789,76.5,80.94999694824219,761713,0.0,0.0,2023-02-06,79.71738537993373,81.30156875764192,48.98380677090418,17.652306951811138,80.67341596223031,80.76500015258789,79.0858318584246,-1.584183377708186,-1.5544005385714834,80.76500015258789,2.2131246105604503,82.97812476314834,78.55187554202743,85.19124937370879,76.33875093146699,EMIL.NS,2023-08-10 13:05:56.121813
127,2023-02-03 00:00:00+05:30,78.0999984741211,78.5,75.5,76.6500015258789,287807,0.0,0.0,2023-02-03,79.49327418569582,81.32969450239389,36.19522177350154,18.279102914845076,80.64430217422907,80.84250030517578,78.1537493135158,-1.8364203166980673,-1.5469548287873076,80.84250030517578,2.246826598122612,83.08932690329839,78.59567370705317,85.336153501421,76.34884710893056,EMIL.NS,2023-08-10 13:05:56.121813
128,2023-02-02 00:00:00+05:30,80.0,80.55000305175781,77.5,77.80000305175781,318610,0.0,0.0,2023-02-02,80.01023285111708,81.7040699405151,38.598060538054796,17.311673802332145,81.0647548740554,81.14750022888184,78.90562320733424,-1.6938370893980164,-1.4745884568096175,81.14750022888184,2.053461461208833,83.20096169009067,79.09403876767301,85.2544231512995,77.04057730646417,EMIL.NS,2023-08-10 13:05:56.121813
129,2023-02-01 00:00:00+05:30,80.8499984741211,81.94999694824219,77.4000015258789,79.8499984741211,1061741,0.0,0.0,2023-02-01,80.41209281463694,82.01639529161567,43.363082071799674,17.02873590639323,81.40841296061303,81.40750007629394,79.45843328512245,-1.6043024769787309,-1.4197762986625175,81.40750007629394,1.9329741893719095,83.34047426566585,79.47452588692204,85.27344845503777,77.54155169755012,EMIL.NS,2023-08-10 13:05:56.121813
130,2023-01-31 00:00:00+05:30,78.0,80.69999694824219,77.25,80.1500015258789,591582,0.0,0.0,2023-01-31,80.51429178563981,82.18970703701522,44.10294226013131,16.72403355692055,81.57245659077007,81.71750030517578,79.26265069062313,-1.6754152513754121,-1.3736447540834642,81.71750030517578,2.154510750630508,83.87201105580628,79.56298955454527,86.02652180643679,77.40847880391476,EMIL.NS,2023-08-10 13:05:56.121813
131,2023-01-30 00:00:00+05:30,78.25,79.30000305175781,74.69999694824219,76.3499984741211,522133,0.0,0.0,2023-01-30,80.58052637832361,82.35288347790612,30.069112067065376,15.620644412399297,81.72218870286387,82.09250030517578,78.81897527299525,-1.772357099582507,-1.2982021297604769,82.09250030517578,2.4933747288154375,84.58587503399121,79.59912557636034,87.07924976280665,77.1057508475449,EMIL.NS,2023-08-10 13:05:56.121813
132,2023-01-27 00:00:00+05:30,80.0,81.69999694824219,74.44999694824219,78.25,1086586,0.0,0.0,2023-01-27,81.3497132699968,82.83311427820892,34.036632533822996,13.476125198597737,82.28768241115259,82.58250045776367,80.05346367243231,-1.4834010082121267,-1.1796633873049691,82.58250045776367,2.2572272127923045,84.83972767055597,80.32527324497137,87.09695488334827,78.06804603217907,EMIL.NS,2023-08-10 13:05:56.121813
133,2023-01-25 00:00:00+05:30,81.30000305175781,81.4000015258789,79.19999694824219,79.80000305175781,449674,0.0,0.0,2023-01-25,81.91329750090532,83.19976342046564,37.81646852420659,11.166642968349903,82.71270161232654,82.94000053405762,80.95519550864847,-1.286465919560328,-1.1037289820781797,82.94000053405762,2.095333726396741,85.03533426045436,80.84466680766087,87.1306679868511,78.74933308126414,EMIL.NS,2023-08-10 13:05:56.121813
134,2023-01-24 00:00:00+05:30,81.44999694824219,82.5,80.5,80.94999694824219,1106831,0.0,0.0,2023-01-24,82.29753285529577,83.47174424996227,40.94943496081774,10.348569414724706,83.01930146080745,83.24000053405761,81.5327917370938,-1.1742113946665,-1.0580447477076427,83.24000053405761,2.0511623827394256,85.29116291679703,81.1888381513182,87.34232529953647,79.13767576857876,EMIL.NS,2023-08-10 13:05:56.121813
135,2023-01-23 00:00:00+05:30,81.8499984741211,82.19999694824219,81.0,81.0999984741211,196990,0.0,0.0,2023-01-23,82.54253938385096,83.67348403409987,41.36449530074634,10.118118670528377,83.2371229884459,83.48500061035156,81.8241891315196,-1.1309446502489067,-1.0290030859679282,83.48500061035156,2.0558715319702454,85.5408721423218,81.42912907838132,87.59674367429206,79.37325754641107,EMIL.NS,2023-08-10 13:05:56.121813
136,2023-01-20 00:00:00+05:30,82.1500015258789,82.4000015258789,81.3499984741211,81.69999694824219,247602,0.0,0.0,2023-01-20,82.80481954925641,83.87936287889818,42.98269561109767,10.137751963150679,83.46208346363798,83.74000053405761,82.18628446021884,-1.0745433296417701,-1.0035176948976834,83.74000053405761,2.0607614595029538,85.80076199356057,81.67923907455466,87.86152345306353,79.6184776150517,EMIL.NS,2023-08-10 13:05:56.121813
137,2023-01-19 00:00:00+05:30,81.19999694824219,82.80000305175781,81.19999694824219,81.69999694824219,237367,0.0,0.0,2023-01-19,83.00569638580446,84.05371215335066,42.98269561109767,10.344821155197234,83.64756625473228,83.77750053405762,82.42942821620716,-1.0480157675462038,-0.9857612862116615,83.77750053405762,2.0282529128052817,85.80575344686291,81.74924762125234,87.83400635966818,79.72099470844707,EMIL.NS,2023-08-10 13:05:56.121813
138,2023-01-18 00:00:00+05:30,83.0,83.75,81.69999694824219,81.8499984741211,402560,0.0,0.0,2023-01-18,83.24309628354305,84.24200936975933,43.34824555123518,10.567818746631987,83.8525735501523,83.89000053405762,82.79414385018964,-0.9989130862162767,-0.9701976658780258,83.89000053405762,1.9684751853520623,85.85847571940968,81.92152534870556,87.82695090476174,79.9530501633535,EMIL.NS,2023-08-10 13:05:56.121813
139,2023-01-17 00:00:00+05:30,84.0999984741211,84.55000305175781,81.5,83.0,230931,0.0,0.0,2023-01-17,83.49638679434703,84.43337024141039,46.14188461997741,11.051164185588929,84.06337092657664,84.10000076293946,83.2662165382239,-0.9369834470633549,-0.963018810793463,84.10000076293946,1.963415352750457,86.06341611568992,82.136585410189,88.02683146844038,80.17317005743854,EMIL.NS,2023-08-10 13:05:56.121813
140,2023-01-16 00:00:00+05:30,84.4000015258789,85.4000015258789,83.44999694824219,84.75,557934,0.0,0.0,2023-01-16,83.58663893877376,84.54803986072321,50.76481207781674,11.571690042927177,84.17530470832156,84.3575008392334,83.39932480733584,-0.9614009219494477,-0.96952765172599,84.3575008392334,2.141216769385103,86.4987176086185,82.21628406984829,88.6399343780036,80.07506730046319,EMIL.NS,2023-08-10 13:05:56.121813
141,2023-01-13 00:00:00+05:30,81.8499984741211,86.25,80.94999694824219,84.1500015258789,2413324,0.0,0.0,2023-01-13,83.37511874582354,84.53188304958107,49.142612379972256,11.835893234369916,84.11481046709225,84.54250068664551,82.72398721100376,-1.1567643037575266,-0.9715593341701254,84.54250068664551,2.3285566543363023,86.8710573409818,82.21394403230921,89.19961399531812,79.8853873779729,EMIL.NS,2023-08-10 13:05:56.121813
142,2023-01-12 00:00:00+05:30,82.4000015258789,82.69999694824219,81.30000305175781,81.55000305175781,345119,0.0,0.0,2023-01-12,83.23423096763166,84.56243357147724,41.36960767100021,12.120419748231324,84.11110614511472,84.6425006866455,82.01098005356619,-1.3282026038455825,-0.9252580917732751,84.6425006866455,2.3536237358990144,86.99612442254453,82.28887695074648,89.34974815844353,79.93525321484748,EMIL.NS,2023-08-10 13:05:56.121813
143,2023-01-11 00:00:00+05:30,80.5999984741211,82.69999694824219,80.5999984741211,82.05000305175781,1797557,0.0,0.0,2023-01-11,83.54045422506327,84.8034280130548,42.53037745035828,11.870938820767021,84.38069594441545,84.85250053405761,82.24146855447036,-1.2629737879915268,-0.8245219637551982,84.85250053405761,2.248184805835359,87.10068533989298,82.60431572822225,89.34887014572833,80.3561309223869,EMIL.NS,2023-08-10 13:05:56.121813
144,2023-01-10 00:00:00+05:30,82.0999984741211,82.5999984741211,80.25,80.6500015258789,915226,0.0,0.0,2023-01-10,83.81144534748245,85.02370200995855,38.007922726584354,11.602267052728541,84.6260320383794,85.26000022888184,82.33720130582662,-1.2122566624761077,-0.714909007696116,85.26000022888184,2.443605718458462,87.7036059473403,82.81639451042338,90.14721166579876,80.37278879196491,EMIL.NS,2023-08-10 13:05:56.121813
145,2023-01-09 00:00:00+05:30,82.9000015258789,83.25,81.55000305175781,82.05000305175781,677367,0.0,0.0,2023-01-09,84.38625331504672,85.37359804868493,41.004181708344255,11.257444107977868,85.04456156601104,85.7400001525879,83.18080119580048,-0.98734473363821,-0.590572094001118,85.7400001525879,2.433245400232401,88.17324555282029,83.3067547523555,90.6064909530527,80.8735093521231,EMIL.NS,2023-08-10 13:05:56.121813
146,2023-01-06 00:00:00+05:30,83.0,83.1500015258789,81.44999694824219,82.5,1165232,0.0,0.0,2023-01-06,84.81102609019015,85.63948564843909,41.99222015877366,11.413068333944238,85.3597782517219,86.1650001525879,83.74620026782182,-0.8284595582489374,-0.49137893409184497,86.1650001525879,2.4963186544145195,88.66131880700242,83.66868149817337,91.15763746141693,81.17236284375886,EMIL.NS,2023-08-10 13:05:56.121813
147,2023-01-05 00:00:00+05:30,83.3499984741211,84.1500015258789,81.94999694824219,82.75,1534057,0.0,0.0,2023-01-05,85.23121265204291,85.89064450031421,42.52077453725272,11.531379070579447,85.66080754137684,86.34750022888184,84.36930040173272,-0.6594318482712964,-0.40710877805257184,86.34750022888184,2.3429895763922155,88.69048980527405,84.00451065248963,91.03347938166627,81.66152107609742,EMIL.NS,2023-08-10 13:05:56.121813
148,2023-01-04 00:00:00+05:30,86.0,86.55000305175781,82.5999984741211,83.0,1134008,0.0,0.0,2023-01-04,85.68234222514162,86.14189606033933,43.02363003785268,11.852870270916975,85.96720833520598,86.46250038146972,85.17895060259906,-0.45955383519770976,-0.34402801049789067,86.46250038146972,2.209779618358074,88.6722799998278,84.25272076311165,90.88205961818588,82.04294114475357,EMIL.NS,2023-08-10 13:05:56.121813
149,2023-01-03 00:00:00+05:30,88.0,88.0999984741211,85.9000015258789,86.05000305175781,569179,0.0,0.0,2023-01-03,86.17004081153101,86.39324774516648,49.679315487522764,12.448356281713869,86.27954605470136,86.56250038146973,86.26842590389859,-0.22320693363546695,-0.31514655432293587,86.56250038146973,2.0866668428333983,88.64916722430313,84.47583353863634,90.73583406713652,82.38916669580294,EMIL.NS,2023-08-10 13:05:56.121813
150,2023-01-02 00:00:00+05:30,86.5,88.0999984741211,86.0,87.6500015258789,684237,0.0,0.0,2023-01-02,86.19186585876251,86.42070732063917,53.728080018122775,12.265863176272914,86.30370847606383,86.46750030517578,86.37763732996896,-0.22884146187665522,-0.3381314594948031,86.46750030517578,2.1534108644558523,88.62091116963163,84.31408944071993,90.77432203408748,82.16067857626408,EMIL.NS,2023-08-10 13:05:56.121813
151,2022-12-30 00:00:00+05:30,85.80000305175781,89.30000305175781,85.55000305175781,86.1500015258789,1000912,0.0,0.0,2022-12-30,85.92675028292317,86.32236378421999,50.19453605149162,12.019988809481916,86.16199341818857,86.33000030517579,85.74145523201398,-0.3956135012968218,-0.36545395889934007,86.33000030517579,2.1617123689834647,88.49171267415925,84.16828793619233,90.65342504314272,82.00657556720886,EMIL.NS,2023-08-10 13:05:56.121813
152,2022-12-29 00:00:00+05:30,85.5999984741211,86.30000305175781,85.0,85.4000015258789,277068,0.0,0.0,2022-12-29,85.8861591478403,86.33615276488727,48.36377010405514,11.755201029860842,86.16325572264222,86.29750022888183,85.5371820850815,-0.44999361704697094,-0.3579140732999696,86.29750022888183,2.169433382305488,88.46693361118732,84.12806684657635,90.6363669934928,81.95863346427086,EMIL.NS,2023-08-10 13:05:56.121813
153,2022-12-28 00:00:00+05:30,85.5,87.5,85.25,85.80000305175781,462548,0.0,0.0,2022-12-28,85.97455144274237,86.41104486400793,49.2605148210221,12.568555942112342,86.24359826966993,86.3125,85.60577236468279,-0.4364934212655669,-0.33489418736321924,86.3125,2.1639314756002794,88.47643147560028,84.14856852439972,90.64036295120056,81.98463704879944,EMIL.NS,2023-08-10 13:05:56.121813
154,2022-12-27 00:00:00+05:30,86.6500015258789,87.4000015258789,85.19999694824219,85.8499984741211,553555,0.0,0.0,2022-12-27,86.00628751383046,86.45992820898795,49.36675985308369,13.341389698413106,86.29029250313437,86.31999969482422,85.50865702114527,-0.45364069515748895,-0.3094943788876323,86.31999969482422,2.1623211167011873,88.48232081152541,84.15767857812303,90.64464192822659,81.99535746142185,EMIL.NS,2023-08-10 13:05:56.121813
155,2022-12-26 00:00:00+05:30,82.30000305175781,87.5,81.1500015258789,86.19999694824219,1704634,0.0,0.0,2022-12-26,86.03470370286853,86.50872258777729,50.068682419746224,14.210742016188977,86.33663924303049,86.24249992370605,85.33798629465736,-0.47401888490875876,-0.2734577998201681,86.24249992370605,2.207360660476612,88.44986058418266,84.03513926322944,90.65722124465927,81.82777860275283,EMIL.NS,2023-08-10 13:05:56.121813
156,2022-12-23 00:00:00+05:30,83.80000305175781,83.80000305175781,81.0,82.44999694824219,1116505,0.0,0.0,2022-12-23,86.00465038552787,86.5334206389401,41.84160610090845,15.146967589178375,86.3510226424819,86.23500022888183,84.90698096786494,-0.5287702534122332,-0.22331752854802045,86.23500022888183,2.2077674393319477,88.44276766821378,84.02723278954988,90.65053510754572,81.81946535021794,EMIL.NS,2023-08-10 13:05:56.121813
157,2022-12-22 00:00:00+05:30,86.3499984741211,86.5999984741211,81.94999694824219,83.94999694824219,1413397,0.0,0.0,2022-12-22,86.6509510104889,86.86009453419592,44.56921964235328,15.057966647047648,86.76165692608606,86.39750022888184,86.1354729776763,-0.20914352370702716,-0.14695434733196724,86.39750022888184,2.026694975273201,88.42419520415504,84.37080525360864,90.45089017942824,82.34411027833544,EMIL.NS,2023-08-10 13:05:56.121813
158,2022-12-21 00:00:00+05:30,88.05000305175781,88.4000015258789,84.5,86.05000305175781,1665225,0.0,0.0,2022-12-21,87.14203356726104,87.09290234107223,48.6959976897891,15.262984984937496,87.05762113428015,86.48750038146973,87.22821099239334,0.0491312261888055,-0.13140705323820226,86.48750038146973,1.9508343912757273,88.43833477274546,84.536665990194,90.38916916402118,82.58583159891828,EMIL.NS,2023-08-10 13:05:56.121813
159,2022-12-20 00:00:00+05:30,88.0,88.9000015258789,86.1500015258789,88.1500015258789,1097795,0.0,0.0,2022-12-20,87.34058457007981,87.17633428421739,53.27666129315917,16.372206179811656,87.1636861955983,86.19750022888184,87.8173149627111,0.16425028586242263,-0.1765416230949542,86.19750022888184,2.3989290038726607,88.5964292327545,83.79857122500917,90.99535823662715,81.39964222113652,EMIL.NS,2023-08-10 13:05:56.121813
160,2022-12-19 00:00:00+05:30,86.1500015258789,90.19999694824219,85.5,88.44999694824219,1258350,0.0,0.0,2022-12-19,87.19341785084362,87.09844090488447,53.949859146862345,17.040306951121625,87.05986352925298,85.85500030517578,87.65097168112719,0.09497694595914652,-0.2617396003342984,85.85500030517578,2.5871081221398424,88.44210842731562,83.26789218303594,91.02921654945547,80.68078406089609,EMIL.NS,2023-08-10 13:05:56.121813
161,2022-12-16 00:00:00+05:30,86.0,87.0999984741211,85.0,86.1500015258789,993015,0.0,0.0,2022-12-16,86.96494892404388,86.99031642141586,49.397925285706215,17.75980008945544,86.91353369567516,85.65250053405762,87.25145904756968,-0.025367497371973968,-0.35091873690765957,85.65250053405762,2.531198291233952,88.18369882529157,83.12130224282367,90.71489711652552,80.59010395158973,EMIL.NS,2023-08-10 13:05:56.121813
162,2022-12-15 00:00:00+05:30,89.8499984741211,90.4000015258789,85.0,85.75,1898429,0.0,0.0,2022-12-15,87.1131211782557,87.0575416130588,48.577064868477805,18.567412542247602,86.99390550302213,85.66500053405761,87.80218780841506,0.055579565196893554,-0.4323065467915809,85.66500053405761,2.5343997160884855,88.1994002501461,83.13060081796912,90.73379996623459,80.59620110188064,EMIL.NS,2023-08-10 13:05:56.121813
163,2022-12-14 00:00:00+05:30,90.44999694824219,91.80000305175781,88.4000015258789,90.19999694824219,1683095,0.0,0.0,2022-12-14,87.360961392484,87.16214494210351,58.35627799762678,19.437149029869936,87.12484292439288,85.73250045776368,88.82828171262258,0.198816450380491,-0.5542780747886995,85.73250045776368,2.5546791526020196,88.2871796103657,83.17782130516166,90.84185876296772,80.62314215255964,EMIL.NS,2023-08-10 13:05:56.121813
164,2022-12-13 00:00:00+05:30,90.8499984741211,92.30000305175781,89.3499984741211,90.25,2532217,0.0,0.0,2022-12-13,86.84477310961887,86.91911678161242,58.47910636476817,20.20091865680216,86.8011425008298,85.48500061035156,88.14242409481278,-0.07434367199354597,-0.7425517060809972,85.48500061035156,2.328885934156995,87.81388654450856,83.15611467619456,90.14277247866555,80.82722874203758,EMIL.NS,2023-08-10 13:05:56.121813
165,2022-12-12 00:00:00+05:30,85.94999694824219,91.30000305175781,84.0,90.55000305175781,4754039,0.0,0.0,2022-12-12,86.22564094773139,86.6526461241414,59.17301349167135,20.608798167078334,86.4381048693382,85.28000068664551,87.08863614221916,-0.427005176410006,-0.9096037146028599,85.28000068664551,2.051276776365649,87.33127746301116,83.22872391027985,89.3825542393768,81.17744713391421,EMIL.NS,2023-08-10 13:05:56.121813
166,2022-12-09 00:00:00+05:30,85.4000015258789,86.5999984741211,83.5,86.1500015258789,1896428,0.0,0.0,2022-12-09,85.43939329245386,86.34085756993208,51.30356002599113,21.378933780109357,86.00527348171508,85.10000038146973,85.35795268744982,-0.901464277478226,-1.0302533491510735,85.10000038146973,1.6907636431050888,86.79076402457481,83.40923673836464,88.4815276676799,81.71847309525955,EMIL.NS,2023-08-10 13:05:56.121813
167,2022-12-08 00:00:00+05:30,85.30000305175781,86.5999984741211,84.75,85.05000305175781,1097220,0.0,0.0,2022-12-08,85.31019179546749,86.35612605345634,49.022530839680215,21.892209448639466,85.99003895075047,85.21250038146972,84.96192826823527,-1.045934257988847,-1.0624506170692851,85.21250038146972,1.833164252983511,87.04566463445323,83.37933612848622,88.87882888743674,81.54617187550271,EMIL.NS,2023-08-10 13:05:56.121813
168,2022-12-07 00:00:00+05:30,84.1500015258789,86.30000305175781,83.4000015258789,85.0,1470547,0.0,0.0,2022-12-07,85.35749883977833,86.46061589359222,48.92154417593528,22.938023236907558,86.08899009801286,85.78500022888184,84.91789087647399,-1.1031170538138895,-1.0665797068393945,85.78500022888184,3.1176530742846658,88.9026533031665,82.66734715459718,92.02030637745118,79.5496940803125,EMIL.NS,2023-08-10 13:05:56.121813
169,2022-12-06 00:00:00+05:30,84.69999694824219,85.30000305175781,84.0,84.1500015258789,539607,0.0,0.0,2022-12-06,85.42249862882893,86.5774651650796,47.27267683475939,23.92239525422344,86.20362063464579,86.47250022888184,84.87683631471097,-1.1549665362506687,-1.0574453700957709,86.47250022888184,4.246963756590586,90.71946398547243,82.22553647229125,94.96642774206302,77.97857271570066,EMIL.NS,2023-08-10 13:05:56.121813
170,2022-12-05 00:00:00+05:30,85.94999694824219,87.0999984741211,84.55000305175781,84.9000015258789,894904,0.0,0.0,2022-12-05,85.65386173845621,86.77166225621566,48.55694879263476,24.51096186900976,86.41979106714757,87.08250007629394,85.24025370912699,-1.1178005177594486,-1.0330650785570463,87.08250007629394,4.743007578633301,91.82550765492724,82.33949249766064,96.56851523356055,77.59648491902733,EMIL.NS,2023-08-10 13:05:56.121813
171,2022-12-02 00:00:00+05:30,85.5,86.44999694824219,84.3499984741211,85.5,725396,0.0,0.0,2022-12-02,85.79092723165209,86.9213951146426,49.55708197055977,25.333226496571797,86.57976891359691,87.65999984741211,85.41037980075103,-1.1304678829905157,-1.0118812187564457,87.65999984741211,5.149056504985069,92.80905635239718,82.51094334242704,97.95811285738225,77.36188683744197,EMIL.NS,2023-08-10 13:05:56.121813
172,2022-12-01 00:00:00+05:30,86.4000015258789,86.9000015258789,85.19999694824219,85.69999694824219,833264,0.0,0.0,2022-12-01,85.84382309195246,87.03510672381402,49.8750502920209,25.928326446270486,86.69342879923869,88.1125,85.36556970112653,-1.191283631861566,-0.9822345526979283,88.1125,5.34324114132338,93.45574114132337,82.76925885867662,98.79898228264676,77.42601771735323,EMIL.NS,2023-08-10 13:05:56.121813
173,2022-11-30 00:00:00+05:30,84.3499984741211,87.25,84.3499984741211,85.94999694824219,1469988,0.0,0.0,2022-11-30,85.86997329989978,87.14191550585977,50.2492756941683,26.835222217874303,86.79800057302779,88.65,85.19835607756869,-1.2719422059599879,-0.9299722829070187,88.65,5.621246590436998,94.271246590437,83.02875340956301,99.892493180874,77.40750681912601,EMIL.NS,2023-08-10 13:05:56.121813
174,2022-11-29 00:00:00+05:30,85.94999694824219,86.5,84.0,84.30000305175781,945551,0.0,0.0,2022-11-29,85.8554235456557,87.23726899046918,47.85125439831452,27.811879202678416,86.8872641124789,88.78250007629394,84.82253564223194,-1.3818454448134787,-0.8444798021437764,88.78250007629394,5.585371917354261,94.36787199364821,83.19712815893968,99.95324391100246,77.61175624158543,EMIL.NS,2023-08-10 13:05:56.121813
175,2022-11-28 00:00:00+05:30,85.30000305175781,86.69999694824219,85.05000305175781,86.05000305175781,1360398,0.0,0.0,2022-11-28,86.13822727181896,87.47225026556607,50.23597719529095,28.574083683167153,87.15960738202848,89.06499977111817,85.08380193746899,-1.3340229937471122,-0.7101383914763508,89.06499977111817,5.488770150175724,94.55376992129389,83.57622962094244,100.04254007146962,78.08745947076672,EMIL.NS,2023-08-10 13:05:56.121813
176,2022-11-25 00:00:00+05:30,86.0,86.8499984741211,83.75,85.69999694824219,2243553,0.0,0.0,2022-11-25,86.15426803910282,87.58603004267074,49.77109425895538,29.67782296350886,87.27640783784645,89.35499954223633,84.60070138032458,-1.4317620035679255,-0.5541672409086604,89.35499954223633,5.474290978751415,94.82929052098774,83.88070856348492,100.30358149973915,78.4064175847335,EMIL.NS,2023-08-10 13:05:56.121813
177,2022-11-24 00:00:00+05:30,80.94999694824219,86.80000305175781,78.69999694824219,85.75,4411449,0.0,0.0,2022-11-24,86.23686278289566,87.73691269022503,49.8328476921568,30.86646526541531,87.44234582622583,89.62999954223633,84.05105359636576,-1.5000499073293696,-0.33476855024384417,89.62999954223633,5.418884348892685,95.04888389112902,84.21111519334364,100.4677682400217,78.79223084445097,EMIL.NS,2023-08-10 13:05:56.121813
178,2022-11-23 00:00:00+05:30,82.19999694824219,83.55000305175781,78.25,80.25,2733998,0.0,0.0,2022-11-23,86.32538328887668,87.89586570544303,42.55229012097648,32.13035165010772,87.62048749214433,89.77749938964844,83.20158039454864,-1.5704824165663496,-0.043448210972462764,89.77749938964844,5.3473910432745155,95.12489043292295,84.43010834637393,100.47228147619747,79.08271730309941,EMIL.NS,2023-08-10 13:05:56.121813
179,2022-11-22 00:00:00+05:30,84.80000305175781,85.19999694824219,80.0,81.30000305175781,1796376,0.0,0.0,2022-11-22,87.42999843230879,88.50753496187848,43.67593566750457,32.38986927039153,88.39632828079111,90.05249938964843,84.67737059182295,-1.0775365295696844,0.33831034042600894,90.05249938964843,4.958948504514074,95.0114478941625,85.09355088513436,99.97039639867658,80.13460238062028,EMIL.NS,2023-08-10 13:05:56.121813
180,2022-11-21 00:00:00+05:30,87.0,87.94999694824219,83.5,84.4000015258789,1616407,0.0,0.0,2022-11-21,88.54454304695443,89.08413751468814,47.084504870377366,33.035141479735294,89.14330988384724,90.36249923706055,86.3660543618555,-0.539594467733707,0.6922720579249322,90.36249923706055,4.560813050897379,94.92331228795793,85.80168618616317,99.4841253388553,81.24087313526579,EMIL.NS,2023-08-10 13:05:56.121813
181,2022-11-18 00:00:00+05:30,87.5999984741211,88.9000015258789,85.0999984741211,86.4000015258789,2787333,0.0,0.0,2022-11-18,89.29809605078636,89.45886839379288,49.393836346692154,34.557260824830855,89.64260550047548,90.83249931335449,87.34908077984379,-0.16077234300652776,1.000238689339592,90.83249931335449,4.395370471813838,95.22786978516832,86.43712884154066,99.62324025698217,82.04175836972681,EMIL.NS,2023-08-10 13:05:56.121813
182,2022-11-17 00:00:00+05:30,85.25,90.30000305175781,84.0,87.0999984741211,4064842,0.0,0.0,2022-11-17,89.82502232804227,89.70357774322599,50.19393375073551,36.62290900069847,89.98393223464353,91.62249908447265,87.82362040682622,0.12144458481627396,1.290491447426122,91.62249908447265,4.942603848075655,96.5651029325483,86.679895236397,101.50770678062396,81.73729138832134,EMIL.NS,2023-08-10 13:05:56.121813
183,2022-11-16 00:00:00+05:30,85.75,86.8499984741211,83.5,85.25,2253857,0.0,0.0,2022-11-16,90.32048121057339,89.91186408475438,48.13207958932067,38.84745319009436,90.28750420943537,91.91499900817871,88.18543137317879,0.40861712581900633,1.582753163078584,91.91499900817871,4.832757945747654,96.74775695392637,87.08224106243105,101.58051489967401,82.24948311668341,EMIL.NS,2023-08-10 13:05:56.121813
184,2022-11-15 00:00:00+05:30,87.3499984741211,87.69999694824219,85.75,86.1500015258789,1878638,0.0,0.0,2022-11-15,91.2423868852231,90.28481321153474,49.049344988514974,40.12606892292907,90.81776781042856,91.87749900817872,89.65314705976817,0.9575736736883584,1.8762871723934784,91.87749900817872,4.889770801828212,96.76726981000692,86.98772820635051,101.65704061183514,82.09795740452229,EMIL.NS,2023-08-10 13:05:56.121813
185,2022-11-14 00:00:00+05:30,85.0999984741211,89.5,84.9000015258789,86.94999694824219,3775747,0.0,0.0,2022-11-14,92.16827513237659,90.6155981463872,49.83321139888734,42.03496217258442,91.30911162985484,,91.4047198267128,1.5526769859893932,2.1059655470697582,,,,,,,EMIL.NS,2023-08-10 13:05:56.121813
186,2022-11-11 00:00:00+05:30,97.9000015258789,97.9000015258789,86.8499984741211,88.4000015258789,7035866,0.0,0.0,2022-11-11,93.1170529840374,90.9088462422388,51.21061810239252,44.09069336452095,91.7679658068667,,93.63208126594812,2.2082067417986053,2.2442876873398494,,,,,,,EMIL.NS,2023-08-10 13:05:56.121813
187,2022-11-10 00:00:00+05:30,98.0,100.1500015258789,95.5,96.5,3091224,0.0,0.0,2022-11-10,93.97469870370259,91.1095538195476,59.78189044595963,46.76819771299406,92.12248836276014,,96.2481211359827,2.8651448841549865,2.2533079237251603,,,,,,,EMIL.NS,2023-08-10 13:05:56.121813
188,2022-11-09 00:00:00+05:30,96.80000305175781,101.19999694824219,95.25,98.75,9603298,0.0,0.0,2022-11-09,93.5155530134667,90.6783181251114,62.479217929108195,48.18576034847763,91.66169766410331,,96.12218170397405,2.8372348883552974,2.1003486836177037,,,,,,,EMIL.NS,2023-08-10 13:05:56.121813
189,2022-11-07 00:00:00+05:30,97.0,98.5,94.8499984741211,96.3499984741211,5027714,0.0,0.0,2022-11-07,92.56383537955155,90.03258357512031,60.72398190045248,49.71236626361378,90.9155605761142,,94.80827255596107,2.5312518044312355,1.9161271324333051,,,,,,,EMIL.NS,2023-08-10 13:05:56.121813
190,2022-11-04 00:00:00+05:30,95.30000305175781,97.5,94.1500015258789,96.44999694824219,4362854,0.0,0.0,2022-11-04,91.87544208962981,89.52719038320025,,52.0489976942942,90.34351448158716,,94.03740959688105,2.348251706429565,1.7623459644338222,,,,,,,EMIL.NS,2023-08-10 13:05:56.121813
191,2022-11-03 00:00:00+05:30,93.8499984741211,98.4000015258789,93.5999984741211,94.55000305175781,8029435,0.0,0.0,2022-11-03,91.04370484260937,88.97336585799688,,54.845601073701275,89.7007268535182,,92.83111592120046,2.0703389846124907,1.6158695289348863,,,,,,,EMIL.NS,2023-08-10 13:05:56.121813
192,2022-11-02 00:00:00+05:30,88.5,97.44999694824219,88.5,96.44999694824219,13728813,0.0,0.0,2022-11-02,90.40619607730966,88.527234882496,,57.85732778998582,89.19027672738773,,91.97167235592178,1.8789611948136553,1.502252165015485,,,,,,,EMIL.NS,2023-08-10 13:05:56.121813
193,2022-11-01 00:00:00+05:30,89.44999694824219,91.4000015258789,88.5,88.5999984741211,3467171,0.0,0.0,2022-11-01,89.30732319168555,87.8934139172363,,61.34985679842684,88.4260956515083,,89.73251005976157,1.413909274449253,1.4080749075659422,,,,,,,EMIL.NS,2023-08-10 13:05:56.121813
194,2022-10-31 00:00:00+05:30,92.9000015258789,93.0,88.5999984741211,89.94999694824219,3284592,0.0,0.0,2022-10-31,89.43592768578819,87.83688715268552,,65.04758943935111,88.40779009123327,,90.2987658525818,1.5990405331026665,1.4066163158451144,,,,,,,EMIL.NS,2023-08-10 13:05:56.121813
195,2022-10-28 00:00:00+05:30,91.80000305175781,93.75,90.1500015258789,91.8499984741211,5198999,0.0,0.0,2022-10-28,89.34246054716019,87.66783836904098,,69.0599950075678,88.24545252733759,,90.47315030475158,1.6746221781192077,1.3585102615307263,,,,,,,EMIL.NS,2023-08-10 13:05:56.121813
196,2022-10-27 00:00:00+05:30,89.75,93.9000015258789,89.3499984741211,91.19999694824219,6389929,0.0,0.0,2022-10-27,88.88654456044002,87.33326556063457,,73.84865233675126,87.86602663820248,,89.78472622006683,1.5532789998054426,1.2794822823836058,,,,,,,EMIL.NS,2023-08-10 13:05:56.121813
197,2022-10-25 00:00:00+05:30,86.4000015258789,91.25,83.55000305175781,88.69999694824219,10314141,0.0,0.0,2022-10-25,88.46591685356688,87.02392704962597,,79.00566792202574,87.51508239504041,,89.07709085597915,1.4419898039409134,1.2110331030281465,,,,,,,EMIL.NS,2023-08-10 13:05:56.121813
198,2022-10-24 00:00:00+05:30,89.4000015258789,89.4000015258789,84.44999694824219,85.75,3580759,0.0,0.0,2022-10-24,88.4233568363532,86.88984145773667,,83.61730877618622,87.39035454733497,,89.26563780984762,1.5335153786165279,1.1532939277999548,,,,,,,EMIL.NS,2023-08-10 13:05:56.121813
199,2022-10-21 00:00:00+05:30,96.05000305175781,98.0,86.5,87.5,12293211,0.0,0.0,2022-10-21,88.90942171569014,86.98102877435561,,87.84831353056792,87.56302344705443,,91.02345671477143,1.9283929413345362,1.0582385650958113,,,,,,,EMIL.NS,2023-08-10 13:05:56.121813
200,2022-10-20 00:00:00+05:30,100.94999694824219,103.6500015258789,92.05000305175781,93.80000305175781,46568289,0.0,0.0,2022-10-20,89.16568020945198,86.93951107630406,,92.89935038121027,87.5696574941128,,92.78518507215713,2.22616913314792,0.84069997103613,,,,,,,EMIL.NS,2023-08-10 13:05:56.121813
201,2022-10-19 00:00:00+05:30,102.19999694824219,102.19999694824219,102.19999694824219,102.19999694824219,1766673,0.0,0.0,2022-10-19,88.32307605630547,86.39067171826775,,100.0,86.91383164593964,,92.27777608235678,1.9324043380377134,0.49433268050818246,,,,,,,EMIL.NS,2023-08-10 13:05:56.121813
202,2022-10-18 00:00:00+05:30,86.05000305175781,92.94999694824219,84.5,92.94999694824219,20753358,0.0,0.0,2022-10-18,85.7999995304988,85.1259256998698,,100.0,85.3047616141183,,87.31666564941406,0.6740738306289984,0.13481476612579968,,,,,,,EMIL.NS,2023-08-10 13:05:56.121813
203,2022-10-17 00:00:00+05:30,90.0,91.0,83.0999984741211,84.5,88025637,0.0,0.0,2022-10-17,84.5,84.5,,,84.5,,84.5,0.0,0.0,,,,,,,EMIL.NS,2023-08-10 13:05:56.121813
