Trading Day,Date,Open,High,Low,Close,Volume,Dividends,Stock Splits,date_only,RollingMean,RollingStd,UpperBand1,LowerBand1,UpperBand2,LowerBand2,CCI_10,CCI_40,OBV,VPT,VPT_signal,VWAP,MFI_14,PP,R1,S1,R2,S2,R3,S3,CMF,%R,macd,macd_signal,macde_histogram,rsi,ADX,sma_5,sma_20,sma_50,sma_100,symbol,created_on
1,2023-09-29 00:00:00+05:30,35.45000076293945,35.599998474121094,34.79999923706055,35.04999923706055,231696,0.0,0.0,2023-09-29,35.65500001907348,2.533662601380526,38.18866262045401,33.121337417692956,40.72232522183454,30.587674816312433,-86.2886719110503,46.698027239121565,13002418,257807.76581682486,462282.2989288369,33.76120112041603,34.84332957802725,35.1499989827474,35.49999872843425,34.6999994913737,35.949998219807945,34.34999974568685,36.299997965494796,33.900000254313156,0.04761803211864702,-64.6153894307825,0.7081846263084302,1.0180068471916042,-0.309822220883174,52.9329672290308,27.97885903704268,35.17000045776367,35.65500001907348,32.40699993133545,31.517999954223633,USK.NS,2023-10-02 11:11:48.336275
2,2023-09-28 00:00:00+05:30,34.75,36.599998474121094,34.75,35.20000076293945,292614,0.0,0.0,2023-09-28,35.427500057220456,2.7828644081858243,38.21036446540628,32.64463564903463,40.9932288735921,29.861771240848807,-26.178108624436405,58.19843195539494,13234114,326984.54042053234,513400.93220683985,33.75598327069409,27.29171817639613,35.516666412353516,36.28333282470703,34.43333435058594,37.36666488647461,33.66666793823242,38.133331298828125,32.583335876464844,0.049175400709125905,-69.620250923374,0.7897882104363774,1.0954624024123976,-0.3056741919760202,53.65698548969199,28.517584176334047,35.20000076293945,35.427500057220456,32.28899993896484,31.470499954223634,USK.NS,2023-10-02 11:11:48.336275
3,2023-09-27 00:00:00+05:30,35.0,35.29999923706055,34.70000076293945,34.95000076293945,206682,0.0,0.0,2023-09-27,35.19750003814697,2.985379716548462,38.182879754695435,32.212120321598505,41.16825947124389,29.226740605050047,-135.15155739693807,49.38995766427356,12941500,229318.60500590014,560005.0301534167,33.748561936734625,58.07432751886927,34.983333587646484,35.266666412353516,34.66666793823242,35.58333206176758,34.38333511352539,35.86666488647461,34.06666946411133,0.05426859115104709,-73.62204186345275,0.8675261608933909,1.1718809504064027,-0.30435478951301187,52.654764185232466,29.09774971095552,35.24000091552735,35.19750003814697,32.17299991607666,31.430499954223635,USK.NS,2023-10-02 11:11:48.336275
4,2023-09-26 00:00:00+05:30,35.650001525878906,35.900001525878906,34.95000076293945,35.0,234681,0.0,0.0,2023-09-26,34.9625,3.184248646113646,38.14674864611364,31.778251353886354,41.33099729222729,28.594002707772706,-82.64201445612514,59.741118583657915,13148182,260756.66666666677,642676.6364402958,33.74418471916651,69.67393470385635,35.28333409627279,35.616667429606125,34.66666666666667,36.23333485921224,34.333333333333336,36.56666819254558,33.71666590372722,0.04876272331133575,-73.22834704797222,0.9785311707831426,1.2479696477846558,-0.26943847700151324,52.86709356817453,30.471386709574006,35.45000076293945,34.9625,32.06799991607666,31.397999954223632,USK.NS,2023-10-02 11:11:48.336275
5,2023-09-25 00:00:00+05:30,35.45000076293945,36.45000076293945,35.099998474121094,35.650001525878906,321406,0.0,0.0,2023-09-25,34.76000003814697,3.3081078114524147,38.068107849599386,31.451892226694554,41.3762156610518,28.14378441524214,-36.199082395747446,74.5477944621072,13382863,363749.98064846476,738156.628883703,33.73896799523338,71.31794684919294,35.733333587646484,36.366668701171875,35.016666412353516,37.083335876464844,34.383331298828125,37.716670989990234,33.666664123535156,0.055637243600380804,-67.57811114657588,1.1009008241771951,1.315329267035034,-0.2144284428578389,55.57222833417726,31.758217595276243,35.52000045776367,34.76000003814697,31.959999923706054,31.362999954223632,USK.NS,2023-10-02 11:11:48.336275
6,2023-09-22 00:00:00+05:30,35.599998474121094,35.900001525878906,34.599998474121094,35.20000076293945,275240,0.0,0.0,2023-09-22,34.517499923706055,3.415455168387404,37.93295509209346,31.10204475531865,41.34841026048086,27.686589586931248,-70.49947494983914,67.75782705583616,13061457,307569.78444417333,831758.2909425125,33.728033612428526,71.42544938086388,35.233333587646484,35.866668701171875,34.56666564941406,36.5333366394043,33.93333053588867,37.16667175292969,33.26666259765625,0.050763199184311596,-66.18180708451705,1.1768754449257912,1.3689363777494936,-0.1920609328237024,54.06111011883642,33.03300014844429,35.55999984741211,34.517499923706055,31.82899990081787,31.329999923706055,USK.NS,2023-10-02 11:11:48.336275
7,2023-09-21 00:00:00+05:30,35.650001525878906,36.70000076293945,35.0,35.400001525878906,330422,0.0,0.0,2023-09-21,34.289999866485594,3.517609623715744,37.80760949020134,30.772390242769852,41.325219113917086,27.254780619054106,-53.52709589721566,84.47513826824712,13336697,371331.4064820307,962805.4175670971,33.720785667808535,72.03256703155253,35.70000076293945,36.400001525878906,34.70000076293945,37.400001525878906,34.0,38.10000228881836,33.0,0.047908433945390544,-64.02876226929486,1.3006327929172627,1.4169516109554192,-0.11631881803815647,54.83077396062823,34.70047568628045,35.70999984741211,34.289999866485594,31.720999870300293,31.292499923706053,USK.NS,2023-10-02 11:11:48.336275
8,2023-09-20 00:00:00+05:30,35.25,36.5,35.20000076293945,36.0,306085,0.0,0.0,2023-09-20,34.05749979019165,3.593241766761767,37.65074155695341,30.46425802342988,41.243983323715184,26.871016256668113,-51.5400938552371,96.40138768627052,13667119,349811.42857142875,1110673.9203383636,33.71080049714926,72.84778123823828,35.90000025431315,36.599999745686844,35.3000005086263,37.199999491373696,34.6000010172526,37.89999898274739,34.00000127156575,0.05415367580357188,-59.71222636578859,1.419676098269619,1.446031315464958,-0.026355217195338954,57.09516826204676,36.226759471040154,36.04999923706055,34.05749979019165,31.608999824523927,31.26049991607666,USK.NS,2023-10-02 11:11:48.336275
9,2023-09-18 00:00:00+05:30,35.849998474121094,36.400001525878906,35.04999923706055,35.349998474121094,214666,0.0,0.0,2023-09-18,33.79999980926514,3.6310427825243865,37.43104259178953,30.168957026740753,41.06208537431391,26.537914244216367,-44.037507207991275,96.56113395860491,13361034,240902.94515700577,1300889.5432800974,33.698120926109276,72.58773072123479,35.59999974568685,36.150000254313156,34.799997965494796,36.95000203450521,34.24999745686849,37.500002543131515,33.44999567667644,0.046347350160591654,-64.38849646447535,1.491486600121391,1.4526201197637927,0.03886648035759821,55.23548499454664,37.87044970078138,35.689999389648435,33.79999980926514,31.487999839782717,31.183999919891356,USK.NS,2023-10-02 11:11:48.336275
10,2023-09-15 00:00:00+05:30,36.29999923706055,36.75,35.54999923706055,35.849998474121094,274954,0.0,0.0,2023-09-15,33.569999885559085,3.6731383810412814,37.24313826660037,29.896861504517805,40.916276647641645,26.22372312347652,-12.966679336665855,118.0204864284616,13575700,312923.8247763014,1565886.1928108702,33.69167908045611,72.59226034795132,36.04999923706055,36.54999923706055,35.349998474121094,37.25,34.849998474121094,37.75,34.14999771118164,0.04702718316560322,-59.09091757879284,1.624842823220888,1.442903499674393,0.181939323546495,57.00022744786276,39.68529097569564,36.35,33.569999885559085,31.385999870300292,31.11099992752075,USK.NS,2023-10-02 11:11:48.336275
11,2023-09-14 00:00:00+05:30,37.900001525878906,37.900001525878906,35.400001525878906,35.95000076293945,649137,0.0,0.0,2023-09-14,33.3375,3.668388030478252,37.00588803047825,29.669111969521747,40.6742760609565,26.000723939043496,10.357844178510582,141.20909495460515,13850654,740840.4966746742,1879126.7848195122,33.68084431133406,73.27165939448066,36.41666793823242,37.43333435058594,34.93333435058594,38.91666793823242,33.91666793823242,39.93333435058594,32.43333435058594,0.049867032007556086,-58.39160083645912,1.721717944867649,1.3974186687877692,0.32429927607987974,57.34045510106458,41.35196964355595,37.1,33.3375,31.276999893188478,31.031999950408935,USK.NS,2023-10-02 11:11:48.336275
12,2023-09-13 00:00:00+05:30,34.5,37.5,34.5,37.099998474121094,944250,0.0,0.0,2023-09-13,33.127499961853026,3.630987539979001,36.75848750183203,29.496512421874026,40.389475041811025,25.865524881895023,19.186040179014928,156.15809026638138,14499791,1112116.6209266305,2163698.3568557217,33.65362841900871,72.68175707374088,36.36666615804037,38.233332316080734,35.233332316080734,39.36666615804037,33.36666615804037,41.233332316080734,32.233332316080734,0.05864133048353524,-50.34965837116686,1.8098121108822696,1.3163438497677993,0.4934682611144703,61.244101250772005,43.14685436279012,38.06999969482422,33.127499961853026,31.1639998626709,30.96249994277954,USK.NS,2023-10-02 11:11:48.336275
13,2023-09-12 00:00:00+05:30,39.150001525878906,39.29999923706055,31.600000381469727,34.20000076293945,2072364,0.0,0.0,2023-09-12,32.882500076293944,3.5122069179071835,36.39470699420113,29.37029315838676,39.90691391210831,25.858086240479576,4.036809213890209,129.1810856134833,13555541,2249995.250193279,2426593.7908379943,33.592433625114886,70.9763377205247,35.03333346048991,38.466666539510086,30.766667683919266,42.73333231608073,27.333334604899086,46.16666539510091,23.066668828328446,0.07074977155284327,-70.62936372713548,1.78192059261972,1.1929767844891817,0.5889438081305383,53.89422335121546,45.22549920862328,38.40999984741211,32.882500076293944,31.029999885559082,30.890999965667724,USK.NS,2023-10-02 11:11:48.336275
14,2023-09-11 00:00:00+05:30,40.45000076293945,41.349998474121094,37.900001525878906,38.650001525878906,879746,0.0,0.0,2023-09-11,32.6625,3.5627779961183967,36.2252779961184,29.099722003881606,39.78805599223679,25.536944007763207,81.21203311624257,306.5484761211907,15627905,1079434.4203932025,2470743.425999173,33.56779655872945,78.68524921288596,39.300000508626304,40.6999994913737,37.250002543131515,42.74999745686849,35.85000356038412,44.14999643961589,33.80000559488933,0.10854806724936719,-39.510475612745786,2.004818035602682,1.045740832456547,0.959077203146135,73.85009486089916,47.46403981182823,38.05,32.6625,30.954999885559083,30.846999950408936,USK.NS,2023-10-02 11:11:48.336275
15,2023-09-08 00:00:00+05:30,41.0,43.45000076293945,37.79999923706055,39.599998474121094,1993037,0.0,0.0,2023-09-08,32.23249988555908,3.312268563422134,35.544768448981216,28.920231322136946,38.857037012403346,25.607962758714812,126.27773536510571,427.48543592115175,16507651,2505532.1320275213,2818570.6774006654,33.478778264527065,83.27412886767647,40.28333282470703,42.766666412353516,37.11666488647461,45.93333435058594,34.633331298828125,48.41666793823242,31.466663360595703,0.1419262709918093,-32.8671399559149,1.8215606255625474,0.805971531670013,1.0155890938925345,79.7002455300512,45.790962146805455,36.599999618530276,32.23249988555908,30.795999870300292,30.74449993133545,USK.NS,2023-10-02 11:11:48.336275
16,2023-09-07 00:00:00+05:30,40.95000076293945,44.29999923706055,39.25,40.79999923706055,6146890,0.0,0.0,2023-09-07,31.742499923706056,2.8588400517528565,34.60133997545891,28.8836598719532,37.46018002721177,26.024819820200342,228.1879183616417,632.1058009443009,18500688,7961685.946358578,2896830.3137439513,33.22584395766822,95.04704759832924,41.449999491373696,43.64999898274739,38.599999745686844,46.49999872843424,36.40000025431315,48.69999821980794,33.5500005086263,0.19712739562952855,-24.475525781352744,1.4657758992363696,0.5520742581968794,0.9137016410394903,87.86420697149775,43.98918619985784,34.78999977111816,31.742499923706056,30.61399990081787,30.646999950408937,USK.NS,2023-10-02 11:11:48.336275
17,2023-09-06 00:00:00+05:30,32.5,38.849998474121094,32.400001525878906,38.79999923706055,5566245,0.0,0.0,2023-09-06,31.182499980926515,1.9407862507027958,33.12328623162931,29.24171373022372,35.06407248233211,27.300927479520922,291.1714343180947,521.9894432574858,12353798,6856200.055660068,1630616.4055902944,32.119604074501034,89.13941274307861,36.68333307902018,40.966664632161454,34.516667683919266,43.13333002726237,30.233336130777992,47.41666158040364,28.06667073567708,0.5192491572817789,-0.5649632280361763,0.8698730169196303,0.32364884793700677,0.5462241689826235,85.57790429344874,40.75000920203852,32.72999992370605,31.182499980926515,30.409999923706053,30.550499954223632,USK.NS,2023-10-02 11:11:48.336275
18,2023-09-05 00:00:00+05:30,31.5,32.95000076293945,31.5,32.400001525878906,736852,0.0,0.0,2023-09-05,30.719999980926513,0.7922988839594259,31.51229886488594,29.927701096967088,32.30459774884537,29.135402213007662,247.5218528520344,216.93664705551538,6787553,757904.9499792677,324220.4930728509,31.101403064133947,68.46679983418124,32.28333409627279,33.06666819254558,31.616667429606125,33.73333485921224,30.833333333333336,34.51666895548503,30.16666666666667,0.015117765773648607,-19.999949137369793,0.2907265536971373,0.1870928056913509,0.1036337480057864,67.23759709648147,37.83305515931184,31.09000015258789,30.719999980926513,30.243999938964844,30.48149995803833,USK.NS,2023-10-02 11:11:48.336275
19,2023-09-04 00:00:00+05:30,30.700000762939453,31.600000381469727,30.549999237060547,31.399999618530273,463581,0.0,0.0,2023-09-04,30.58249988555908,0.720795721441106,31.303295607000187,29.861704164117974,32.024091328441294,29.140908442676867,120.70878475532672,114.08222580428664,6050701,462109.308671679,215799.37884624672,31.074662139254453,74.92122706303826,31.183333079020183,31.81666692097982,30.76666577657064,32.23333422342937,30.133331934611004,32.866668065389,29.71666463216146,-0.04961513410266495,-53.33334604899088,0.17514143894990752,0.16118436868990427,0.013957070260003257,59.82501956086825,36.595738779702465,30.65999984741211,30.58249988555908,30.21799991607666,30.47849992752075,USK.NS,2023-10-02 11:11:48.336275
20,2023-09-01 00:00:00+05:30,30.399999618530273,30.799999237060547,30.399999618530273,30.549999237060547,98631,0.0,0.0,2023-09-01,30.50749988555908,0.7092020634782632,31.216701949037343,29.79829782208082,31.92590401251561,29.089095758602554,-80.63514346168128,45.64158289880203,5587120,95656.4118968419,154221.89638988863,31.070391979036245,68.81594589874345,30.583332697550457,30.76666577657064,30.366666158040367,30.98333231608073,30.183333079020183,31.166665395100914,29.966666539510094,-0.11838566738055956,-71.01449916353106,0.12298884444498981,0.15769510112490343,-0.034706256679913616,51.09094203322677,36.423274733121964,30.570000076293944,30.50749988555908,30.220999908447265,30.494999923706054,USK.NS,2023-10-02 11:11:48.336275
21,2023-08-31 00:00:00+05:30,30.549999237060547,30.899999618530273,30.399999618530273,30.5,98040,0.0,0.0,2023-08-31,30.467499923706054,0.7289640707619128,31.196463994467965,29.738535852944143,31.92542806522988,29.009571782182228,-88.17217665092362,48.2769016029436,5488489,94927.6190476191,168863.26751315032,31.071849260997027,71.4853746352284,30.599999745686848,30.799999872843422,30.299999872843422,31.099999745686848,30.099999745686848,31.299999872843422,29.799999872843422,-0.1286719947485237,-72.46375209117235,0.13806641110321394,0.16637166529488182,-0.028305254191667878,50.5031751616117,37.27083188882429,30.620000076293945,30.467499923706054,30.24299991607666,30.536499938964845,USK.NS,2023-10-02 11:11:48.336275
22,2023-08-30 00:00:00+05:30,30.450000762939453,30.950000762939453,30.450000762939453,30.600000381469727,117888,0.0,0.0,2023-08-30,30.432499885559082,0.7439717231143553,31.176471608673438,29.688528162444726,31.920443331787794,28.94455643933037,-79.87702369880691,58.25199441822386,5586529,114519.77285621285,187347.17962953312,31.073445486934794,74.63861545342259,30.666667302449543,30.883333841959633,30.383333841959633,31.166667302449543,30.166667302449543,31.383333841959633,29.883333841959633,-0.16253166473287775,-68.57141767229352,0.16020251735185198,0.17344797884279875,-0.01324546149094677,51.65605041143409,38.18358574881141,30.65,30.432499885559082,30.269999923706056,30.56199993133545,USK.NS,2023-10-02 11:11:48.336275
23,2023-08-29 00:00:00+05:30,31.299999237060547,31.299999237060547,30.0,30.25,248850,0.0,0.0,2023-08-29,30.39249982833862,0.7559025672994839,31.148402395638104,29.63659726103914,31.90430496293759,28.880694693739652,-116.97622067608297,40.523267412477075,5468641,238975.00000000006,205554.0313228632,31.07503992944075,73.83969061565605,30.516666412353516,31.03333282470703,29.733333587646484,31.816665649414062,29.21666717529297,32.33333206176758,28.433334350585938,-0.1696815895438284,-78.57142857142857,0.17626760797465124,0.1767593442155354,-0.0004917362408841663,47.781981118686986,39.051008400471126,30.679999923706056,30.39249982833862,30.30699993133545,30.570999927520752,USK.NS,2023-10-02 11:11:48.336275
24,2023-08-28 00:00:00+05:30,31.25,31.299999237060547,30.899999618530273,30.950000762939453,89348,0.0,0.0,2023-08-28,30.372499847412108,0.765106961830359,31.137606809242467,29.60739288558175,31.902713771072825,28.84228592375139,-1.4620215706599045,107.8119793506483,5717491,87787.95771959095,197198.78915357895,31.08094711566753,77.00430059612691,31.049999872843426,31.200000127156578,30.800000508626304,31.4499994913737,30.650000254313152,31.59999974568685,30.40000089009603,-0.15120971371620556,-58.57140677315848,0.2286348053868501,0.17688227827575642,0.05175252711109368,56.13637468487094,39.98515587148928,30.8,30.372499847412108,30.356999931335448,,USK.NS,2023-10-02 11:11:48.336275
25,2023-08-25 00:00:00+05:30,30.649999618530273,31.799999237060547,30.649999618530273,30.799999237060547,230693,0.0,0.0,2023-08-25,30.314999771118163,0.7626308020242255,31.07763057314239,29.552368969093937,31.840261375166616,28.78973816706971,18.74248203675666,114.47584720969125,5628143,225566.48330143525,224551.49701207594,31.081284608204662,75.50266849999704,31.083332697550457,31.51666577657064,30.366666158040367,32.233332316080734,29.933333079020183,32.666665395100914,29.216666539510094,-0.15827971639799027,-62.857164655412944,0.22327705412681453,0.16394414649798297,0.05933290762883156,54.55533707775498,38.76207520728407,30.75999984741211,30.314999771118163,30.39899990081787,,USK.NS,2023-10-02 11:11:48.336275
26,2023-08-24 00:00:00+05:30,30.850000381469727,30.950000762939453,30.600000381469727,30.649999618530273,126492,0.0,0.0,2023-08-24,30.252499771118163,0.7719553231846826,31.024455094302844,29.480544447933482,31.79641041748753,28.708589124748798,-11.507916459516853,72.8477027951792,5397450,123078.72227768674,224297.7504397361,31.08316898262062,74.48506195411855,30.733333587646484,30.866666793823242,30.516666412353516,31.08333396911621,30.383333206176758,31.21666717529297,30.16666603088379,-0.14690334420020182,-67.14286804199219,0.22780740083306839,0.14911091959077508,0.07869648124229331,52.98164250311208,37.44491141506307,30.84000015258789,30.252499771118163,30.44999988555908,,USK.NS,2023-10-02 11:11:48.336275
27,2023-08-23 00:00:00+05:30,31.0,31.0,30.700000762939453,30.75,80462,0.0,0.0,2023-08-23,30.209999752044677,0.772317461692747,30.982317213737424,29.43768229035193,31.75463467543017,28.665364828659182,9.079131143855703,84.86163922345268,5523942,78546.2380952381,249602.5074802484,31.084765981574925,74.82899868202756,30.816666920979817,30.93333307902018,30.633333841959633,31.116666158040363,30.51666768391927,31.233332316080727,30.333334604899086,-0.14212788533695841,-64.28571428571429,0.24492867986780453,0.12943679928020174,0.11549188058760279,54.14228426563589,36.80156572142313,31.060000228881837,30.209999752044677,30.492999877929687,,USK.NS,2023-10-02 11:11:48.336275
28,2023-08-22 00:00:00+05:30,30.75,31.299999237060547,30.75,30.850000381469727,161305,0.0,0.0,2023-08-22,30.18249979019165,0.7617979330445485,30.944297723236197,29.4207018571471,31.706095656280745,28.658903924102553,30.561453603682637,105.83693331172358,5604404,157976.4860804119,292366.57482650096,31.085552910796814,78.73584264371064,30.96666653951009,31.18333307902018,30.633333841959633,31.516665776570637,30.416667302449543,31.733332316080727,30.083334604899086,-0.1400099763472724,-61.42856052943638,0.2532895422771091,0.10056382913330104,0.15272571314380806,55.26650104273528,35.821686107206865,31.350000381469727,30.18249979019165,30.486999893188475,,USK.NS,2023-10-02 11:11:48.336275
29,2023-08-21 00:00:00+05:30,31.350000381469727,31.350000381469727,30.700000762939453,30.75,128693,0.0,0.0,2023-08-21,30.152499771118165,0.7457735278186837,30.89827329893685,29.40672624329948,31.644046826755535,28.660952715480796,36.41925377716399,98.87754902165953,5443099,125628.88095238098,325964.0970130232,31.0866682079198,74.58776513653848,30.93333371480306,31.166666666666664,30.51666704813639,31.583333333333332,30.283334096272785,31.816666285196938,29.866667429606117,-0.12353629091771243,-64.28571428571429,0.25030773700067854,0.06238240084734903,0.18792533615332951,54.387039062873335,34.62810819516778,31.14000015258789,30.152499771118165,30.481999893188476,,USK.NS,2023-10-02 11:11:48.336275
30,2023-08-18 00:00:00+05:30,31.899999618530273,31.899999618530273,31.0,31.200000762939453,150716,0.0,0.0,2023-08-18,30.09499979019165,0.7416024270749059,30.836602217266556,29.353397363116745,31.57820464434146,28.61179493604184,83.83576045697683,147.8426360230676,5571792,149280.6131741963,376047.90102818375,31.087944810409365,74.86144260765163,31.366666793823242,31.733333587646484,30.83333396911621,32.266666412353516,30.46666717529297,32.63333320617676,29.933334350585938,-0.10060195541015808,-51.42854963030134,0.25254610361726293,0.015401066809016643,0.23714503680824628,59.254877249512965,33.34271659758723,31.0,30.09499979019165,30.469999885559083,,USK.NS,2023-10-02 11:11:48.336275
31,2023-08-17 00:00:00+05:30,32.75,33.0,31.25,31.75,446356,0.0,0.0,2023-08-17,29.99749975204468,0.7164378763938014,30.71393762843848,29.281061875650877,31.43037550483228,28.564623999257076,183.1768618494251,220.33720740751016,5722508,449898.50793650805,432739.72299168055,31.087444976355307,79.32912452162552,32.0,32.75,31.0,33.75,30.25,34.5,29.25,-0.08513910069845379,-35.714285714285715,0.20726717810782347,-0.04388519239304493,0.2511523705008684,65.95450504208756,31.18618132270731,30.719999694824217,29.99749975204468,30.451999855041503,,USK.NS,2023-10-02 11:11:48.336275
32,2023-08-16 00:00:00+05:30,30.200000762939453,32.650001525878906,30.200000762939453,32.20000076293945,1561235,0.0,0.0,2023-08-16,29.86749973297119,0.6096323586669545,30.477132091638143,29.257867374304237,31.0867644503051,28.64823501563728,333.3333333333333,178.88050162998454,6168864,1595929.1489246918,428450.02675547363,31.078575248918337,73.9961381860121,31.683334350585938,33.16666793823242,30.71666717529297,34.13333511352539,29.233333587646484,35.616668701171875,28.266666412353516,-0.07073108984317117,-14.285731585920262,0.09198942925102216,-0.10667328501826204,0.1986627142692842,72.15237320444189,28.19204528715231,30.289999771118165,29.86749973297119,30.431999855041504,,USK.NS,2023-10-02 11:11:48.336275
33,2023-08-14 00:00:00+05:30,30.5,30.5,29.549999237060547,29.799999237060547,152877,0.0,0.0,2023-08-14,29.72749967575073,0.2760030152111671,30.0035026909619,29.451496660539565,30.279505706173065,29.175493645328398,75.62999169955798,-33.952452910064835,4607629,144626.49153536846,136580.24621316907,31.023485234166927,48.256943365177165,29.9499994913737,30.34999974568685,29.399998982747398,30.900000254313152,28.999998728434246,31.300000508626304,28.449998219807945,-0.43011744530497636,-73.91310116746361,-0.10131305812408797,-0.15633896358558308,0.055025905461495106,47.91092532584895,25.141565868057413,29.759999465942382,29.72749967575073,30.408999824523924,,USK.NS,2023-10-02 11:11:48.336275
34,2023-08-11 00:00:00+05:30,29.799999237060547,30.200000762939453,29.700000762939453,30.049999237060547,108623,0.0,0.0,2023-08-11,29.722499752044676,0.27552587449245575,29.99802562653713,29.44697387755222,30.273551501029587,29.171448003059766,106.38333791638236,-34.441256858947284,4760506,103622.89101991201,134568.6848826192,31.029399072931152,47.83015527784132,29.983333587646484,30.266666412353516,29.766666412353516,30.483333587646484,29.483333587646484,30.766666412353516,29.266666412353516,-0.408553187021941,-57.692341550587315,-0.11089998550075464,-0.17009543995095683,0.05919545445020219,52.315952433604885,23.734474634691768,29.729999542236328,29.722499752044676,30.434999847412108,,USK.NS,2023-10-02 11:11:48.336275
35,2023-08-10 00:00:00+05:30,29.649999618530273,30.299999237060547,29.5,29.799999237060547,186486,0.0,0.0,2023-08-10,29.699999809265137,0.26556799876429343,29.96556780802943,29.434431810500843,30.231135806793723,29.16886381173655,5.602000698506441,-48.554504332567426,4651883,176421.67167372932,142305.13334829602,31.032774309753655,55.49640890519841,29.866666158040363,30.233332316080727,29.43333307902018,30.66666539510091,29.066666920979817,31.033331553141274,28.633333841959633,-0.40715859714750235,-81.08114795676399,-0.14611506698298626,-0.18489430356350736,0.0387792365805211,47.86493536631858,22.69397210312171,29.699999618530274,29.699999809265137,30.453999862670898,,USK.NS,2023-10-02 11:11:48.336275
36,2023-08-09 00:00:00+05:30,29.75,29.850000381469727,29.549999237060547,29.600000381469727,102350,0.0,0.0,2023-08-09,29.664999866485594,0.29607079392478103,29.961070660410375,29.368929072560814,30.257141454335155,29.072858278636033,-140.1513837913856,-67.53895901361422,4465397,96176.50917598182,133775.9987669377,31.04011149806338,55.426420571471695,29.666666666666668,29.78333409627279,29.48333295186361,29.966667811075848,29.366665522257488,30.08333524068197,29.18333180745443,-0.4408915494295308,-75.55550469292535,-0.16436596574459017,-0.19458911270863763,0.03022314696404746,43.98047328866142,21.573430915277033,29.689999771118163,29.664999866485594,30.457999877929687,,USK.NS,2023-10-02 11:11:48.336275
37,2023-08-08 00:00:00+05:30,29.850000381469727,29.950000762939453,29.5,29.549999237060547,97001,0.0,0.0,2023-08-08,29.674999809265138,0.2971354737260054,29.972135282991143,29.377864335539133,30.269270756717148,29.080728861813128,-201.25785597676924,-69.55799783999758,4363047,90996.17384108287,143175.87116467668,31.04483108942946,53.54833348352234,29.666666666666668,29.833333333333336,29.383332570393883,30.11666742960612,29.216665903727215,30.28333409627279,28.93333180745443,-0.4196917317616751,-77.77777777777777,-0.16554539632444687,-0.20214489944964947,0.036599503125202604,42.99448173787966,21.15976771801082,29.729999542236328,29.674999809265138,30.46499988555908,,USK.NS,2023-10-02 11:11:48.336275
38,2023-08-07 00:00:00+05:30,29.899999618530273,30.299999237060547,29.600000381469727,29.649999618530273,166262,0.0,0.0,2023-08-07,29.687499809265137,0.2968585538672443,29.984358363132383,29.39064125539789,30.281216916999625,29.09378270153065,-70.17546375609923,-57.922505961834176,4460048,156497.4043357486,156220.79549557512,31.049488452618522,52.991899164012175,29.849999745686848,30.09999910990397,29.40000025431315,30.549998601277668,29.150000890096027,30.79999796549479,28.70000139872233,-0.4158621319429196,-73.33331637912326,-0.15962280615798363,-0.2112947752309501,0.05167196907296648,44.44734552694188,20.714284274801052,29.77999954223633,29.687499809265137,30.46899990081787,,USK.NS,2023-10-02 11:11:48.336275
39,2023-08-04 00:00:00+05:30,30.049999237060547,30.049999237060547,29.75,29.899999618530273,90115,0.0,0.0,2023-08-04,29.702499866485596,0.30239182242504975,30.004891688910647,29.400108044060545,30.307283511335694,29.097716221635498,-46.41356649278147,-56.2785141219973,4626310,85537.72906742399,156151.64328553175,31.057002249684842,54.69156943663587,29.899999618530273,30.049999237060547,29.75,30.19999885559082,29.600000381469727,30.349998474121094,29.450000762939453,-0.41644364396147915,-62.222205268012154,-0.15947009107206256,-0.22421276749919172,0.06474267642712916,48.23083270703819,19.917044447409687,29.81999969482422,29.702499866485596,30.46899990081787,,USK.NS,2023-10-02 11:11:48.336275
40,2023-08-03 00:00:00+05:30,29.75,30.200000762939453,29.649999618530273,29.75,113579,0.0,0.0,2023-08-03,29.719999885559083,0.3237933634369505,30.043793248996035,29.39620652212213,30.367586612432984,29.072413158685183,-42.03523080744663,-60.206163545370316,4536195,107269.05555555556,173805.1218400587,31.060378962293232,55.677367282409094,29.866666793823242,30.08333396911621,29.53333282470703,30.416667938232422,29.316665649414062,30.63333511352539,28.98333168029785,-0.45417852729067715,-68.88885498046875,-0.1814795681049084,-0.240398436605974,0.05891886850106559,45.653412158974646,19.49127200625518,29.799999618530272,29.719999885559083,30.460999908447267,,USK.NS,2023-10-02 11:11:48.336275
41,2023-08-02 00:00:00+05:30,30.0,30.399999618530273,29.700000762939453,29.799999237060547,351267,0.0,0.0,2023-08-02,29.752499866485596,0.35779848464569824,30.110298351131295,29.394701381839898,30.468096835776993,29.0369028971942,20.51286204562378,-54.01638002740041,4649774,332309.72482554126,190439.13841118448,31.06521687557115,60.81528098696793,29.96666653951009,30.233332316080727,29.533333460489906,30.66666539510091,29.26666768391927,30.933331171671547,28.833334604899086,-0.4482881485762494,-66.66666666666667,-0.19213598811587218,-0.25512815373124037,0.06299216561536819,46.367951388778245,19.03274783885802,29.759999465942382,29.752499866485596,30.45799991607666,,USK.NS,2023-10-02 11:11:48.336275
42,2023-08-01 00:00:00+05:30,30.149999618530273,30.149999618530273,29.700000762939453,29.799999237060547,157646,0.0,0.0,2023-08-01,29.777499866485595,0.3781794844873583,30.155679350972953,29.399320381998237,30.53385883546031,29.02114089751088,12.519595097630114,-63.01408197009621,5001041,149138.11681668722,154971.49180759527,31.079830338355997,49.45703481409317,29.883333206176758,30.066665649414062,29.616666793823242,30.333332061767578,29.433334350585938,30.516664505004883,29.166667938232422,-0.4082925458445026,-65.21741293779885,-0.20779245089926945,-0.27087619513508243,0.06308374423581298,46.367951388778245,18.401158268521577,29.759999465942382,29.777499866485595,30.46099994659424,,USK.NS,2023-10-02 11:11:48.336275
43,2023-07-31 00:00:00+05:30,30.299999237060547,30.299999237060547,29.649999618530273,29.850000381469727,118944,0.0,0.0,2023-07-31,29.807499885559082,0.4030394014946786,30.21053928705376,29.404460484064405,30.61357868854844,29.001421082569724,30.303042666333678,-61.18495182190555,5158687,112713.6014404297,156429.8355553223,31.0864990699535,50.135821179983346,29.933333079020183,30.216666539510094,29.56666692097982,30.583332697550457,29.28333346048991,30.866666158040367,28.916667302449547,-0.4016141352441217,-63.043449416268196,-0.22468909717651186,-0.2866471311940356,0.061958034017523755,47.002262371104806,18.11835098380262,29.839999771118165,29.807499885559082,30.47299995422363,,USK.NS,2023-10-02 11:11:48.336275
44,2023-07-28 00:00:00+05:30,29.850000381469727,30.649999618530273,29.549999237060547,29.799999237060547,220921,0.0,0.0,2023-07-28,29.83749990463257,0.42793109912573885,30.26543100375831,29.40956880550683,30.69336210288405,28.98163770638109,50.63745761272648,-58.06068230212436,5039743,208998.27401430646,167358.89408404543,31.091379460578377,50.054558030393956,29.99999936421712,30.449999491373696,29.34999910990397,31.099999745686848,28.899998982747395,31.549999872843422,28.249998728434242,-0.4188769115222079,-65.21741293779885,-0.24784189947817836,-0.30213663969841653,0.05429474022023817,46.3203806217721,17.81378929256682,29.91999969482422,29.83749990463257,30.499999961853028,,USK.NS,2023-10-02 11:11:48.336275
45,2023-07-27 00:00:00+05:30,30.299999237060547,30.299999237060547,29.5,29.549999237060547,113394,0.0,0.0,2023-07-27,29.882499980926514,0.46911881446202436,30.35161879538854,29.41338116646449,30.820737609850564,28.944262352002465,13.574587410579863,-78.12623522668464,4818822,106374.36868213475,156949.04910148017,31.100916311611513,41.174850908101284,29.78333282470703,30.066665649414062,29.266666412353516,30.583332061767578,28.983333587646484,30.86666488647461,28.46666717529297,-0.41055277174189114,-76.08698176076533,-0.2688049669986796,-0.31571032475347605,0.04690535775479643,42.91004803896384,17.485799778928264,29.879999923706055,29.882499980926514,30.533999977111815,,USK.NS,2023-10-02 11:11:48.336275
46,2023-07-26 00:00:00+05:30,30.399999618530273,30.399999618530273,29.649999618530273,29.799999237060547,109727,0.0,0.0,2023-07-26,29.930000019073486,0.48160921240357885,30.411609231477065,29.448390806669906,30.89321844388064,28.96678159426633,57.56921168552255,-65.30265774889855,4932216,103805.22273920456,169592.71920631648,31.10681753247838,48.78341560578995,29.9499994913737,30.249999364217125,29.499999364217125,30.6999994913737,29.1999994913737,30.999999364217125,28.749999364217125,-0.4240787501093076,-65.95748480005714,-0.2669500312181299,-0.3274366641921751,0.06048663297404522,45.6001510099809,17.6508689850162,29.820000076293944,29.930000019073486,30.558999977111817,,USK.NS,2023-10-02 11:11:48.336275
47,2023-07-25 00:00:00+05:30,30.299999237060547,30.799999237060547,29.899999618530273,30.200000762939453,168610,0.0,0.0,2023-07-25,29.970000076293946,0.502991128241435,30.472991204535383,29.46700894805251,30.975982332776816,28.964017819811076,142.3220952913741,-36.574380814175804,5041943,161651.49614727692,186039.59332309445,31.111646940793165,54.99706299841868,30.299999872843426,30.700000127156578,29.800000508626304,31.1999994913737,29.400000254313152,31.59999974568685,28.90000089009603,-0.4081704174035179,-48.93614603632727,-0.28515166599578734,-0.34255832243568635,0.057406656439899006,50.283668629403806,17.512456360847597,29.690000152587892,29.970000076293946,30.58,,USK.NS,2023-10-02 11:11:48.336275
48,2023-07-24 00:00:00+05:30,29.899999618530273,31.299999237060547,29.450000762939453,30.25,447832,0.0,0.0,2023-07-24,29.98500003814697,0.5145514680850651,30.499551506232038,29.470448570061905,31.0141029743171,28.95589710197684,189.45486173751905,-32.56011343209076,5210553,430060.88888888905,192136.61761704882,31.116853467649666,55.27731626639636,30.333333333333332,31.21666590372721,29.366667429606117,32.18333180745442,28.48333485921224,33.066664377848305,27.516668955485024,-0.4321549009019236,-46.808519272740256,-0.34352888404016824,-0.3569099865456611,0.013381102505492848,50.89035846252512,16.827051425648158,29.529999923706054,29.98500003814697,30.583999977111816,,USK.NS,2023-10-02 11:11:48.336275
49,2023-07-21 00:00:00+05:30,29.399999618530273,30.149999618530273,29.049999237060547,29.600000381469727,184438,0.0,0.0,2023-07-21,30.027500057220458,0.5697357100244517,30.59723576724491,29.457764347196004,31.16697147726936,28.888028637171555,-1.978303466442088,-89.64318590916577,4762721,173313.1704875402,132655.54979908874,31.130205197006887,43.13479448798717,29.599999745686848,30.15000025431315,29.049999872843422,30.700000127156574,28.49999936421712,31.250000635782875,27.949999491373696,-0.4803042883704742,-74.46807301816364,-0.41798859739779815,-0.3602552621720343,-0.05773333522576385,42.51839517969367,16.088923033894915,29.420000076293945,30.027500057220458,30.587999992370605,,USK.NS,2023-10-02 11:11:48.336275
50,2023-07-20 00:00:00+05:30,29.149999618530273,29.399999618530273,29.100000381469727,29.25,84137,0.0,0.0,2023-07-20,30.125,0.6534322261506128,30.778432226150613,29.471567773849387,31.431864452301227,28.818135547698773,-94.00827369058739,-117.68051774481218,4578283,78127.21428571432,122491.14462697585,31.13997397827979,35.08522469651436,29.25,29.399999618530273,29.100000381469727,29.549999237060547,28.950000762939453,29.69999885559082,28.80000114440918,-0.4800812586888153,-89.36170385454805,-0.44297131953226554,-0.34582192836559333,-0.0971493911666722,37.16226562449632,16.99914369562771,29.420000076293945,30.125,30.607999992370605,,USK.NS,2023-10-02 11:11:48.336275
51,2023-07-19 00:00:00+05:30,29.5,29.549999237060547,29.100000381469727,29.149999618530273,124385,0.0,0.0,2023-07-19,30.244999980926515,0.7027951238987383,30.947795104825254,29.542204857027777,31.650590228723992,28.839409733129038,-104.78859815422716,-119.17060908259919,4494146,115105.48262066316,133582.12721229123,31.145494115585887,41.5262781932097,29.266666412353516,29.433332443237305,28.983333587646484,29.716665267944336,28.816667556762695,29.883331298828125,28.533334732055664,-0.5031715519158665,-93.61703854548051,-0.4337753531879862,-0.32153458057392525,-0.11224077261406096,35.5694658229682,16.990592273877986,29.39000015258789,30.244999980926515,30.628999977111818,,USK.NS,2023-10-02 11:11:48.336275
52,2023-07-18 00:00:00+05:30,29.700000762939453,29.799999237060547,29.299999237060547,29.399999618530273,90918,0.0,0.0,2023-07-18,30.380000019073485,0.7397367605561261,31.119736779629612,29.640263258517358,31.859473540185736,28.900526497961234,-80.85515038135638,-103.77673640707087,4618531,84856.79889896941,138201.28836019826,31.154147876433,44.10921012487672,29.49999936421712,29.699999491373696,29.199999491373696,29.99999936421712,28.99999936421712,30.199999491373696,28.699999491373696,-0.5075694373164639,-82.97874240002857,-0.40558085335718275,-0.29347438742041004,-0.1121064659367727,37.79334578186736,16.981383050455207,29.520000076293947,30.380000019073485,30.65199996948242,,USK.NS,2023-10-02 11:11:48.336275
53,2023-07-17 00:00:00+05:30,29.700000762939453,29.850000381469727,29.549999237060547,29.700000762939453,143975,0.0,0.0,2023-07-17,30.532500076293946,0.8352867761225651,31.36778685241651,29.69721330017138,32.20307362853907,28.861926524048815,-60.00000577984809,-92.03853537790405,4709449,135747.86062997492,151537.41072550547,31.159725912795523,42.813679923900345,29.700000127156574,29.850001017252602,29.549999872843422,30.000001271565754,29.399998982747395,30.15000216166178,29.249998728434242,-0.5096027553784109,-70.21273832723116,-0.3879593974623319,-0.26544777093621685,-0.12251162652611503,40.62348457274832,17.316330991655903,29.6,30.532500076293946,30.687999992370607,,USK.NS,2023-10-02 11:11:48.336275
54,2023-07-14 00:00:00+05:30,29.25,29.850000381469727,29.200000762939453,29.600000381469727,144391,0.0,0.0,2023-07-14,30.685000038146974,0.9463364820116222,31.631336520158598,29.73866355613535,32.577673002170215,28.79232707412373,-101.9677498955225,-108.47430272156176,4565474,135681.70333589832,155484.79824938808,31.167113724401503,34.904846137288985,29.5500005086263,29.90000025431315,29.250000635782875,30.200000127156574,28.900000890096027,30.549999872843422,28.600001017252602,-0.5338804435153907,-74.46807301816364,-0.3890659886453989,-0.23481986430468804,-0.15424612434071083,39.21456572566808,18.127251417520803,29.65,30.685000038146974,30.727999992370606,,USK.NS,2023-10-02 11:11:48.336275
55,2023-07-13 00:00:00+05:30,29.899999618530273,29.950000762939453,29.0,29.100000381469727,209132,0.0,0.0,2023-07-13,30.857499980926512,1.0472111926251848,31.904711173551696,29.810288788301328,32.95192236617688,28.763077595676144,-167.60293438337095,-130.6275806498115,4421083,193198.1358659533,160435.57197776053,31.175108534233438,27.566039527623502,29.350000381469727,29.700000762939453,28.75,30.30000114440918,28.399999618530273,30.650001525878906,27.799999237060547,-0.5298817923013507,-96.29628321434778,-0.37473929905101855,-0.1962583332195103,-0.17848096583150824,31.68884260078046,19.000550337683006,29.779999923706054,30.857499980926512,30.76599998474121,,USK.NS,2023-10-02 11:11:48.336275
56,2023-07-12 00:00:00+05:30,30.149999618530273,30.149999618530273,29.5,29.799999237060547,126586,0.0,0.0,2023-07-12,31.06999988555908,1.10160156290116,32.171601448460244,29.968398322657922,33.2732030113614,28.86679675975676,-141.94380616840002,-97.24693174320316,4630215,119754.37153722375,152244.9310057123,31.190555734150507,26.86106270130942,29.81666628519694,30.133332570393883,29.48333295186361,30.466665903727215,29.166666666666668,30.783332188924156,28.833333333333336,-0.3845599442163894,-90.00002543131511,-0.3014765025392627,-0.15163809176163323,-0.1498384107776295,37.76754397354545,19.941026097857684,30.039999771118165,31.06999988555908,30.83099994659424,,USK.NS,2023-10-02 11:11:48.336275
57,2023-07-11 00:00:00+05:30,29.950000762939453,30.200000762939453,29.700000762939453,29.799999237060547,122782,0.0,0.0,2023-07-11,31.219999885559083,1.1235983121286368,32.34359819768772,30.096401573430448,33.467196509816354,28.97280326130181,-185.74617942861943,-95.10205529181536,4756801,116155.66686745301,160367.57087283445,31.19684969636716,26.9973759547439,29.900000254313152,30.09999974568685,29.59999974568685,30.400000254313152,29.400000254313152,30.59999974568685,29.09999974568685,-0.17725179837873284,-96.42862495112418,-0.2720493775931665,-0.11417848906722586,-0.15787088852594064,37.76754397354545,21.134420110207966,30.139999771118163,31.219999885559083,30.863999977111817,,USK.NS,2023-10-02 11:11:48.336275
58,2023-07-10 00:00:00+05:30,30.200000762939453,30.549999237060547,29.899999618530273,29.950000762939453,174967,0.0,0.0,2023-07-10,31.252499961853026,1.089238311396513,32.34173827324954,30.163261650456512,33.430976584646054,29.07402333906,-181.81798740550764,-76.03154107010808,4879583,166357.516936166,171420.5468741798,31.203009193714646,26.12722039681678,30.133333206176758,30.366666793823242,29.71666717529297,30.78333282470703,29.483333587646484,31.016666412353516,29.066667556762695,-0.17534453267774602,-98.38706005624832,-0.23025178008500902,-0.0747107669357407,-0.15554101314926833,39.15531894017998,22.044376824690072,30.25999984741211,31.252499961853026,30.912000007629395,,USK.NS,2023-10-02 11:11:48.336275
59,2023-07-07 00:00:00+05:30,30.5,31.350000381469727,30.149999618530273,30.25,220258,0.0,0.0,2023-07-07,31.284999942779542,1.0575664330331322,32.34256637581267,30.22743350974641,33.400132808845804,29.169867076713277,-24.390243902441245,-35.96615048655499,5054550,211517.60317460328,172686.30435868324,31.210932535453885,25.509959232141412,30.583333333333332,31.01666704813639,29.816666285196938,31.783334096272785,29.38333257039388,32.216667811075844,28.616665522257485,-0.18224824538059314,-95.16130322348032,-0.1880224035499829,-0.035825513648423624,-0.15219688990155927,42.023012920769254,22.64308636450154,30.35999984741211,31.284999942779542,30.88,,USK.NS,2023-10-02 11:11:48.336275
60,2023-07-06 00:00:00+05:30,30.450000762939453,30.799999237060547,30.25,30.399999618530273,186929,0.0,0.0,2023-07-06,31.279999923706054,1.062940046236396,32.34293996994245,30.21705987746966,33.40588001617885,29.154119831233263,-62.25381736811455,-45.12752204997959,5274808,180401.31837118248,162978.47965470323,31.218643235169907,15.629827776529538,30.483332951863606,30.71666590372721,30.166666666666664,31.033332188924152,29.93333371480306,31.266665140787758,29.616667429606117,-0.1699272064664931,-91.42858855579297,-0.16065255991565053,0.0022237088269662017,-0.16287626874261674,43.502254566804254,22.799569617982304,30.45,31.279999923706054,30.83599998474121,,USK.NS,2023-10-02 11:11:48.336275
61,2023-07-05 00:00:00+05:30,30.5,30.600000381469727,30.100000381469727,30.299999237060547,156262,0.0,0.0,2023-07-05,31.27499990463257,1.0675227127096667,32.34252261734223,30.2074771919229,33.4100453300519,29.139954479213237,-89.19430387405036,-59.07173373084167,5087879,150309.15812004945,158622.76997558342,31.224256408030406,6.77274530595065,30.333333333333332,30.566666285196938,30.066666285196938,30.833333333333332,29.833333333333332,31.066666285196938,29.566666285196938,-0.17788851720327453,-94.28574386909696,-0.1379494261797447,0.042942776012620386,-0.1808922021923651,42.24369019478433,23.749894550131263,30.470000076293946,31.27499990463257,30.787000007629395,,USK.NS,2023-10-02 11:11:48.336275
62,2023-07-04 00:00:00+05:30,30.600000381469727,30.649999618530273,30.299999237060547,30.399999618530273,81198,0.0,0.0,2023-07-04,31.29749994277954,1.0504977182428468,32.34799766102239,30.247002224536693,33.398495379265235,29.19650450629385,-78.88048307333989,-49.60510470106442,5244141,78362.51330239438,160701.1729394669,31.229584595631795,36.15352361728442,30.4499994913737,30.59999974568685,30.249999364217125,30.799999872843426,30.099999109903973,30.950000127156578,29.899998982747398,-0.19336188800385976,-97.26026466672101,-0.09694387002191007,0.08816582656071166,-0.18510969658262172,43.13596609203836,25.08455323162942,30.530000305175783,31.29749994277954,30.761000022888183,,USK.NS,2023-10-02 11:11:48.336275
63,2023-07-03 00:00:00+05:30,30.799999237060547,30.950000762939453,30.399999618530273,30.450000762939453,129425,0.0,0.0,2023-07-03,31.329999923706055,1.0311462313146706,32.36114615502073,30.298853692391383,33.3922923863354,29.267707461076714,-72.91664982919558,-37.56473287702946,5325339,125110.83646804575,181285.837848735,31.232077137262994,52.57113043385778,30.600000381469727,30.80000114440918,30.25,31.150001525878906,30.049999237060547,31.35000228881836,29.69999885559082,-0.2035366022185465,-93.33333333333333,-0.05282400811576338,0.1344432507063671,-0.18726725882213047,43.56317684644988,26.16348219605968,30.550000381469726,31.329999923706055,30.752000045776366,,USK.NS,2023-10-02 11:11:48.336275
64,2023-06-30 00:00:00+05:30,30.950000762939453,31.200000762939453,30.5,30.700000762939453,157086,0.0,0.0,2023-06-30,31.362499904632568,1.0120163496705357,32.3745162543031,30.350483554962032,33.38653260397364,29.338467205291497,-66.36082590072452,-21.139570458896564,5454764,153096.51809038443,195329.58819390732,31.235840607001034,53.05180972643219,30.8000005086263,31.100001017252602,30.40000025431315,31.500001271565754,30.099999745686848,31.800001780192055,29.699999491373696,-0.20513837178164468,-86.66666666666667,-0.00046120659264659025,0.1812600654118997,-0.1817212720045463,45.662846388740405,27.1481150825417,30.68000030517578,31.362499904632568,30.73900001525879,,USK.NS,2023-10-02 11:11:48.336275
65,2023-06-27 00:00:00+05:30,30.5,30.850000381469727,30.5,30.5,163384,0.0,0.0,2023-06-27,31.377499866485596,1.0038705577862566,32.38137042427185,30.37362930869934,33.38524098205811,29.369758750913082,-95.57893219698738,-39.494190967522115,5297678,158197.20634920645,205887.855719788,31.238988627532738,55.13916776743054,30.616666793823242,30.733333587646484,30.383333206176758,30.96666717529297,30.266666412353516,31.08333396911621,30.03333282470703,-0.22680404898143547,-92.00002034505208,0.04196482273001578,0.22669038341303624,-0.18472556068302046,43.64509126086849,28.03714357626838,30.85,31.377499866485596,30.692999992370606,,USK.NS,2023-10-02 11:11:48.336275
66,2023-06-26 00:00:00+05:30,30.700000762939453,30.75,30.5,30.600000381469727,145446,0.0,0.0,2023-06-26,31.352499866485594,1.0326859640226216,32.38518583050821,30.319813902462972,33.41787179453084,29.28712793844035,-115.40039356392501,-42.1283898594781,5461062,141290.40176137295,217810.5180624334,31.24353195703518,53.36232099513836,30.616666793823242,30.733333587646484,30.483333587646484,30.866666793823242,30.366666793823242,30.983333587646484,30.233333587646484,-0.19994698746893827,-87.01298829977969,0.11534421082306778,0.27287177358379133,-0.15752756276072355,44.41076750822964,29.437485029201024,31.079999923706055,31.352499866485594,30.68,,USK.NS,2023-10-02 11:11:48.336275
67,2023-06-23 00:00:00+05:30,31.100000381469727,31.25,30.399999618530273,30.5,185169,0.0,0.0,2023-06-23,31.31999988555908,1.0672638156270997,32.38726370118618,30.25273606993198,33.45452751681328,29.185472254304884,-145.0000052452084,-35.835988443363476,5315616,179290.61904761914,236940.5471376985,31.24707341456867,53.491764017605796,30.71666653951009,31.033333460489906,30.18333307902018,31.566666920979817,29.866666158040363,31.883333841959633,29.333332697550453,-0.19617492366744368,-89.61040054812736,0.19769590178498575,0.31225366427397216,-0.11455776248898641,43.49021462353547,31.073386201050106,31.329999923706055,31.31999988555908,30.69099998474121,,USK.NS,2023-10-02 11:11:48.336275
68,2023-06-22 00:00:00+05:30,31.600000381469727,31.700000762939453,30.899999618530273,31.100000381469727,167034,0.0,0.0,2023-06-22,31.282499885559083,1.1099161613461483,32.39241604690523,30.172583724212934,33.50233220825138,29.062667562866785,-89.81253266353835,6.396612939217352,5500785,164912.93535614022,251353.02916021834,31.25234444343434,53.97368296365977,31.233333587646484,31.566667556762695,30.766666412353516,32.033334732055664,30.433332443237305,32.366668701171875,29.966665267944336,-0.18171705156998708,-74.02597659955937,0.3099841512402932,0.3408931048962187,-0.030908953655925497,47.91055636664085,32.835125924579884,31.720000076293946,31.282499885559083,30.718999977111817,,USK.NS,2023-10-02 11:11:48.336275
69,2023-06-21 00:00:00+05:30,31.899999618530273,32.5,30.799999237060547,31.549999237060547,246153,0.0,0.0,2023-06-21,31.20999984741211,1.1682868645869122,32.378286711999024,30.0417129828252,33.546573576585935,28.873426118238285,-45.46856463963232,41.73852227881657,5667819,246543.71308571965,272963.05261123786,31.253320257722667,53.15097964180716,31.616666158040363,32.43333307902018,30.733332316080727,33.31666692097981,29.91666539510091,34.13333384195963,29.033331553141274,-0.1697275276690875,-62.33769579427191,0.38995946106119916,0.3486203433102001,0.04133911775099908,51.560245298947095,34.014111693245226,32.05,31.20999984741211,30.738999938964845,,USK.NS,2023-10-02 11:11:48.336275
70,2023-06-20 00:00:00+05:30,31.75,32.400001525878906,31.549999237060547,31.649999618530273,108254,0.0,0.0,2023-06-20,31.107499885559083,1.2254186139943049,32.33291849955339,29.88208127156478,33.558337113547694,28.65666265757047,-8.093072284934266,64.09002486943216,5913972,108769.49392712313,279567.8874926174,31.250493115892816,53.484611165734684,31.866666793823242,32.18333435058594,31.333332061767578,32.7166690826416,31.016664505004883,33.0333366394043,30.48332977294922,-0.17946803284204274,-59.74028354592424,0.44212554678037463,0.3382855638724503,0.10383998290792434,52.38366897955968,35.283788674884825,32.35,31.107499885559083,30.768999938964843,,USK.NS,2023-10-02 11:11:48.336275
71,2023-06-19 00:00:00+05:30,32.54999923706055,33.0,31.700000762939453,31.850000381469727,180279,0.0,0.0,2023-06-19,31.004999923706055,1.2628182509123485,32.267818174618405,29.742181672793706,33.53063642553075,28.47936342188136,22.1654031254471,90.26604586363817,6022226,182282.1021832059,322267.48588399094,31.24881180754511,58.99370473626544,32.18333371480306,32.66666666666667,31.366667429606125,33.48333295186361,30.883334477742515,33.96666590372722,30.066668192545578,-0.19119062019150854,-54.54545904922891,0.49236655006729535,0.3123255681454692,0.18004098192182616,53.98479359849604,35.51511871598,32.68999977111817,31.004999923706055,30.829999961853026,,USK.NS,2023-10-02 11:11:48.336275
72,2023-06-16 00:00:00+05:30,33.0,33.20000076293945,32.25,32.45000076293945,210582,0.0,0.0,2023-06-16,30.909999942779542,1.2673633278330627,32.1773632706126,29.64263661494648,33.44472659844567,28.375273287113416,55.943373454222524,126.72973751366347,6202505,216932.8908146451,357263.83180918713,31.244568642850943,62.51166271862737,32.63333384195963,33.016667683919266,32.06666692097981,33.583334604899086,31.68333307902018,33.96666844685872,31.11666615804036,-0.1944818610063382,-34.8837116462233,0.529533114742609,0.2673153226650126,0.2622177920775964,59.00920960925507,35.52107648035067,32.87999954223633,30.909999942779542,30.853999938964844,,USK.NS,2023-10-02 11:11:48.336275
73,2023-06-15 00:00:00+05:30,33.45000076293945,33.599998474121094,32.5,32.75,195423,0.0,0.0,2023-06-15,30.807499885559082,1.2182031387948535,32.02570302435394,29.58929674676423,33.243906163148786,28.371093607969375,89.55220555340644,159.09888368299312,6413087,203177.8809523811,392346.5670578226,31.234548051689895,67.22492341436052,32.949999491373696,33.39999898274739,32.3000005086263,34.04999796549479,31.850001017252602,34.499997456868485,31.200002034505204,-0.2027650502065478,-26.9663046562444,0.510003404451215,0.20176087464561349,0.30824252980560146,61.67424710082033,34.60470699095846,32.47999954223633,30.807499885559082,30.834999923706054,,USK.NS,2023-10-02 11:11:48.336275
74,2023-06-14 00:00:00+05:30,33.54999923706055,33.54999923706055,32.650001525878906,33.04999923706055,293885,0.0,0.0,2023-06-14,30.729999923706053,1.1345526413158808,31.864552565021935,29.59544728239017,32.999105206337816,28.46089464107429,131.582370067568,179.61147323513214,6608510,308346.00081852527,439638.7385841829,31.222766282312445,71.37361783318593,33.083333333333336,33.516665140787765,32.616667429606125,33.983331044514976,32.183335622151695,34.416662851969406,31.716669718424484,-0.2115591401498367,-20.22474992306314,0.44772675346685276,0.12470024219421312,0.32302651127263965,64.37390476007249,33.17739487429225,32.04999961853027,30.729999923706053,,,USK.NS,2023-10-02 11:11:48.336275
75,2023-06-13 00:00:00+05:30,33.20000076293945,33.95000076293945,32.650001525878906,33.349998474121094,906146,0.0,0.0,2023-06-13,30.652499961853028,1.0143020064168302,31.66680196826986,29.638197955436198,32.681103974686685,28.623895949019367,225.5219763349274,209.64705226768478,6902395,959364.0545184431,472461.92302559735,31.201150474113586,77.44649194070752,33.31666692097982,33.983332316080734,32.68333307902019,34.61666615804037,32.01666768391927,35.28333155314128,31.38333384195964,-0.16623838977717373,-13.186860173774088,0.331664650398082,0.04394361437605321,0.2877210360220288,67.10131971260418,31.37972334792789,31.469999694824217,30.652499961853028,,,USK.NS,2023-10-02 11:11:48.336275
76,2023-06-12 00:00:00+05:30,30.350000381469727,33.20000076293945,30.200000762939453,32.79999923706055,960407,0.0,0.0,2023-06-12,30.525,0.7936423578483531,31.31864235784835,29.731357642151647,32.1122847156967,28.93771528430329,166.31089964799773,128.46662913766005,5996249,1000042.8211830995,350736.39015238587,31.119803549336844,68.12314679315814,32.06666692097982,33.93333307902019,30.933333079020187,35.06666692097982,29.06666692097982,36.93333307902019,27.933333079020187,-0.24356613190994167,-10.389648993390667,0.14849938675258656,-0.027986644629454004,0.17648603138204055,64.5439820544969,29.443769396458585,30.85999984741211,30.525,,,USK.NS,2023-10-02 11:11:48.336275
77,2023-06-09 00:00:00+05:30,30.799999237060547,30.899999618530273,30.350000381469727,30.450000762939453,92451,0.0,0.0,2023-06-09,30.42750005722046,0.59415462251841,31.02165467973887,29.83334543470205,31.61580930225728,29.23919081218364,-19.270784594101144,6.818805836730667,5035842,89369.30223919103,188409.78239470744,31.04957125948903,51.035089201898174,30.566666920979817,30.783333460489906,30.23333422342936,31.116666158040363,30.01666768391927,31.333332697550453,29.683334986368813,-0.4750831186872425,-62.711837010207226,-0.03409105451867234,-0.07210815247496415,0.03801709795629181,48.73251857794282,27.711191064913958,30.45,30.42750005722046,,,USK.NS,2023-10-02 11:11:48.336275
78,2023-06-08 00:00:00+05:30,30.600000381469727,31.450000762939453,30.399999618530273,30.600000381469727,344343,0.0,0.0,2023-06-08,30.425,0.5941601582945761,31.019160158294575,29.830839841705426,31.613320316589153,29.23667968341085,26.53294725357048,23.470438990426157,5128293,334504.63274147426,213169.90243358654,31.05199354058459,49.11742509457091,30.816666920979817,31.23333422342936,30.18333307902018,31.866668065388996,29.766665776570637,32.28333536783854,29.133331934611,-0.4550019298604208,-57.627102206124334,-0.03590637499012672,-0.08161242696403709,0.04570605197391037,50.055559083605694,27.42983582520898,30.56999969482422,30.425,,,USK.NS,2023-10-02 11:11:48.336275
79,2023-06-07 00:00:00+05:30,30.299999237060547,30.5,30.100000381469727,30.149999618530273,142933,0.0,0.0,2023-06-07,30.417500019073486,0.5927800022704404,31.010280021343927,29.824720016803045,31.60306002361437,29.231940014532604,-30.66988258980308,-23.969313008469253,4783950,136807.29826906003,182836.2198566146,31.058898807970383,38.98040064497706,30.25,30.399999618530273,30.0,30.649999618530273,29.850000381469727,30.799999237060547,29.600000381469727,-0.4514514026813425,-72.88137127428395,-0.05245918900973834,-0.09303893995751468,0.04057975094777634,45.96924350739612,27.03859625385456,30.66999969482422,30.417500019073486,,,USK.NS,2023-10-02 11:11:48.336275
80,2023-06-06 00:00:00+05:30,30.950000762939453,30.950000762939453,30.25,30.299999237060547,135357,0.0,0.0,2023-06-06,30.44000005722046,0.5906285400626762,31.030628597283137,29.84937151715778,31.62125713734581,29.258742977095107,6.846867503989445,-10.691300427011534,4926883,130200.53957875581,194343.45025350325,31.064699348146505,47.71588772351558,30.5,30.75,30.049999237060547,31.200000762939453,29.799999237060547,31.450000762939453,29.349998474121094,-0.40813782530484544,-68.33335134719299,-0.02853871380581552,-0.10318387769445876,0.07464516388864324,47.16363324327729,27.562672235535825,30.839999771118165,30.44000005722046,,,USK.NS,2023-10-02 11:11:48.336275
81,2023-06-05 00:00:00+05:30,31.200000762939453,31.399999618530273,30.649999618530273,30.75,145237,0.0,0.0,2023-06-05,30.44000005722046,0.5906285400626762,31.030628597283137,29.84937151715778,31.62125713734581,29.258742977095107,57.079950986811404,12.210051334016025,5062240,141778.97619047633,210379.17792219008,31.06934904655959,56.34403229662892,30.933333079020183,31.216666539510094,30.466666539510094,31.683333079020183,30.183333079020183,31.966666539510094,29.716666539510094,-0.3969834925036504,-53.33331637911248,-0.012253541865053563,-0.12184516866661955,0.10959162680156599,50.843670108402925,27.873343242416198,30.779999923706054,30.44000005722046,,,USK.NS,2023-10-02 11:11:48.336275
82,2023-06-02 00:00:00+05:30,31.399999618530273,31.799999237060547,30.799999237060547,31.049999237060547,232899,0.0,0.0,2023-06-02,30.417500019073486,0.5867562304373813,31.004256249510867,29.830743788636106,31.591012479948247,29.243987558198725,104.26004953334609,26.881889762561368,5207477,229571.86578768794,227529.22835511848,31.071446240195783,63.04704300118003,31.216665903727215,31.633332570393883,30.633332570393883,32.21666590372722,30.216665903727215,32.63333257039388,29.633332570393883,-0.4198822663051059,-43.33333545261094,-0.03553618411121562,-0.14924307536701104,0.11370689125579542,53.42418817984935,27.515373192543613,30.620000076293945,30.417500019073486,,,USK.NS,2023-10-02 11:11:48.336275
83,2023-06-01 00:00:00+05:30,31.25,31.899999618530273,30.899999618530273,31.100000381469727,221797,0.0,0.0,2023-06-01,30.42500009536743,0.596150004775947,31.021150100143377,29.828850090591484,31.617300104919323,29.232700085815537,138.42173031376132,33.181076349617726,5440376,218980.5328447253,227018.56899697607,31.071674499041567,70.84910836257914,31.299999872843426,31.700000127156578,30.700000127156578,32.29999987284343,30.299999872843426,32.70000012715658,29.700000127156578,-0.44163081815467764,-41.66662957930856,-0.09435197390793348,-0.17766979818095988,0.08331782427302639,53.847145714872674,26.86440184169347,30.360000228881837,30.42500009536743,,,USK.NS,2023-10-02 11:11:48.336275
84,2023-05-31 00:00:00+05:30,31.799999237060547,32.29999923706055,30.649999618530273,31.0,415811,0.0,0.0,2023-05-31,30.455000114440917,0.6450011435679622,31.10000125800888,29.809998970872954,31.74500240157684,29.164997827304994,131.64918616058333,,5218579,409210.82539682573,229028.07803503878,31.071384459784497,71.64476797892351,31.31666628519694,31.98333295186361,30.333333333333336,32.96666590372722,29.666666666666668,33.63333257039388,28.683333714803062,-0.432973563250079,-44.999977747585135,-0.1731487875833011,-0.19849925424921647,0.025350466665915367,53.158437085734484,25.991977103020723,30.070000076293944,30.455000114440917,,,USK.NS,2023-10-02 11:11:48.336275
85,2023-05-30 00:00:00+05:30,30.100000381469727,30.399999618530273,29.649999618530273,30.0,126122,0.0,0.0,2023-05-30,30.48000011444092,0.6761735573852977,31.156173671826217,29.803826557055622,31.832347229211514,29.127652999670325,-28.62988939483686,,4802768,120116.19047619056,183982.39119459206,31.072781584411473,69.649567823113,30.016666412353516,30.383333206176758,29.633333206176758,30.766666412353516,29.266666412353516,31.133333206176758,28.883333206176758,-0.4477400628873665,-78.33333227369452,-0.26156059801408915,-0.2048368709156953,-0.05672372709839385,45.623824333761576,25.052442769065458,29.770000076293947,30.48000011444092,,,USK.NS,2023-10-02 11:11:48.336275
86,2023-05-29 00:00:00+05:30,29.950000762939453,30.5,29.5,29.950000762939453,208195,0.0,0.0,2023-05-29,30.597500038146972,0.7839633459597377,31.38146338410671,29.813536692187235,32.16542673006645,29.029573346227497,-39.79298225751664,,4676646,197950.48916952967,199948.94137419242,31.07918812383578,69.99541036731685,29.983333587646484,30.46666717529297,29.46666717529297,30.983333587646484,28.983333587646484,31.46666717529297,28.46666717529297,-0.4320132105771948,-79.99997456866873,-0.2723066189745076,-0.19065593914109683,-0.08165067983341076,45.21467758753209,25.784671936477945,29.690000152587892,30.597500038146972,,,USK.NS,2023-10-02 11:11:48.336275
87,2023-05-26 00:00:00+05:30,29.5,30.299999237060547,29.5,29.75,145724,0.0,0.0,2023-05-26,30.67250003814697,0.790482004946376,31.462982043093348,29.882018033200595,32.253464048039724,29.091536028254218,-62.19934102735574,,4468451,137628.22222222234,200448.5544253581,31.09043055386441,58.494955179240755,29.849999745686848,30.199999491373696,29.40000025431315,30.649998982747395,29.0500005086263,30.999998728434242,28.600001017252602,-0.4910105951092481,-86.66667090522188,-0.2770147570243111,-0.17024326918274413,-0.10677148784156698,43.63953334493661,26.573226424460625,29.690000152587892,30.67250003814697,,,USK.NS,2023-10-02 11:11:48.336275
88,2023-05-25 00:00:00+05:30,29.5,29.950000762939453,29.399999618530273,29.649999618530273,133531,0.0,0.0,2023-05-25,30.795000076293945,0.8289022912286179,31.623902367522565,29.966097785065326,32.452804658751184,29.13719549383671,-95.29191562779049,,4322727,125688.70155752284,216153.63747614203,31.099837234007286,49.620794217154604,29.666666666666668,29.933333714803062,29.383332570393883,30.216667811075848,29.116665522257488,30.483334859212242,28.833331425984703,-0.19212747499331392,-90.00001907349845,-0.2591483623133648,-0.14355039722235235,-0.11559796509101244,42.87701139393951,27.646265058806087,29.820000076293944,30.795000076293945,,,USK.NS,2023-10-02 11:11:48.336275
89,2023-05-24 00:00:00+05:30,29.600000381469727,29.899999618530273,29.350000381469727,29.5,137506,0.0,0.0,2023-05-24,30.73000011444092,0.9634641095730007,31.69346422401392,29.76653600486792,32.65692833358692,28.803071895294917,-136.80929336610956,,4189196,128775.46031746044,238769.87145579682,31.109220719285563,44.169638897367214,29.583333333333332,29.816666285196938,29.26666704813639,30.13333257039388,29.033334096272785,30.366665522257485,28.716667811075844,-0.19306007517128515,-95.00000953674923,-0.2224989502688004,-0.11465090594959923,-0.10784804431920117,41.779883090728546,29.200399333872596,30.13000030517578,30.73000011444092,,,USK.NS,2023-10-02 11:11:48.336275
90,2023-05-23 00:00:00+05:30,30.200000762939453,30.450000762939453,29.5,29.600000381469727,208342,0.0,0.0,2023-05-23,30.657500076293946,1.1050453200727548,31.7625453963667,29.55245475622119,32.86759071643946,28.447409436148437,-138.2113800966627,,4326702,195775.34220559275,266268.4742403809,31.120017744928404,49.79593411145643,29.850000381469727,30.200000762939453,29.25,30.80000114440918,28.899999618530273,31.150001525878906,28.299999237060547,-0.2120595632049273,-96.49121280668174,-0.15743271104938472,-0.08768889486979894,-0.06974381617958578,42.28261024670506,30.930532441094144,30.530000305175783,30.657500076293946,,,USK.NS,2023-10-02 11:11:48.336275
91,2023-05-22 00:00:00+05:30,30.399999618530273,30.399999618530273,29.899999618530273,29.950000762939453,200672,0.0,0.0,2023-05-22,30.575000095367432,1.2413384122131936,31.816338507580625,29.33366168315424,33.05767691979382,28.092323270941044,-124.6163494132597,,4535044,190797.66835239975,283891.75724907796,31.135628712195306,47.1173984194108,30.083333333333332,30.26666704813639,29.76666704813639,30.583333333333332,29.583333333333332,30.76666704813639,29.26666704813639,-0.22016402294083548,-98.14810497768754,-0.08159138611701522,-0.0702529408249025,-0.011338445292112725,44.00342848908393,32.60836650635842,30.770000076293947,30.575000095367432,,,USK.NS,2023-10-02 11:11:48.336275
92,2023-05-19 00:00:00+05:30,30.950000762939453,31.200000762939453,30.350000381469727,30.399999618530273,183083,0.0,0.0,2023-05-19,30.527500057220458,1.2839572070561305,31.811457264276587,29.243542850164328,33.09541447133272,27.9595856431082,-37.63433582781673,,4735716,176689.62317966297,307165.2794732475,31.147474314400913,59.37419222708207,30.650000254313152,30.950000127156578,30.09999974568685,31.50000063578288,29.799999872843426,31.800000508626304,29.249999364217125,-0.21627811751050882,-89.74360353769018,-0.017725009399601532,-0.0674183295018743,0.04969332010227277,46.2506769474271,33.91803729715738,30.95,30.527500057220458,,,USK.NS,2023-10-02 11:11:48.336275
93,2023-05-18 00:00:00+05:30,31.700000762939453,32.349998474121094,30.899999618530273,31.200000762939453,301622,0.0,0.0,2023-05-18,30.505000114440918,1.2902366206080476,31.795236735048967,29.21476349383287,33.085473355657015,27.924526873224824,107.78813311726131,,4918799,298749.41682918515,339784.1935466436,31.154350432386035,66.72650477760833,31.483332951863606,32.06666628519694,30.616667429606117,32.93333180745442,30.033334096272785,33.51666514078776,29.166668574015297,-0.22440983245672147,-69.23076170671445,0.019993797883437026,-0.07984165952744249,0.09983545741087951,50.50886647651868,34.74196234321801,30.95,30.505000114440918,,,USK.NS,2023-10-02 11:11:48.336275
94,2023-05-17 00:00:00+05:30,30.899999618530273,31.700000762939453,30.799999237060547,31.5,370049,0.0,0.0,2023-05-17,30.435000038146974,1.2885222120519542,31.72352225019893,29.14647782609502,33.012044462250884,27.857955614043064,67.23648024101071,,5220421,370049.00000000035,350042.8877260082,31.153647945934374,77.70263160289782,31.333333333333332,31.866667429606117,30.96666590372721,32.233334859212235,30.433331807454426,32.766668955485024,30.066664377848305,-0.15487907552463087,-52.17392025462262,-0.0108056266790868,-0.10480052388016237,0.09399489720107557,52.181775526577574,34.86232534566189,30.8,30.435000038146974,,,USK.NS,2023-10-02 11:11:48.336275
95,2023-05-16 00:00:00+05:30,30.75,31.75,30.649999618530273,30.799999237060547,296821,0.0,0.0,2023-05-16,30.280000019073487,1.3391277993905615,31.619127818464047,28.940872219682927,32.95825561785461,27.601744420292363,11.797152776504982,,4850372,290224.9705886843,345041.3596575102,31.146983168385557,73.71358459538618,31.06666628519694,31.48333295186361,30.383332570393883,32.16666666666667,29.966665903727215,32.583333333333336,29.283332188924156,-0.23227144772073685,-52.542398086186274,-0.07961988106920259,-0.12829924818043126,0.048679367111228666,48.48493182680795,35.4929085286634,30.620000076293945,30.280000019073487,,,USK.NS,2023-10-02 11:11:48.336275
96,2023-05-15 00:00:00+05:30,31.299999237060547,31.399999618530273,30.649999618530273,30.850000381469727,274853,0.0,0.0,2023-05-15,30.232500076293945,1.3365583770357155,31.56905845332966,28.89594169925823,32.905616830365375,27.559383322222516,-18.498756701877166,,5147193,269181.4334872414,358745.45692471665,31.152422783820725,75.58819428316332,30.96666653951009,31.283333460489906,30.533333460489906,31.71666653951009,30.21666653951009,32.03333346048991,29.783333460489906,-0.23864915765310057,-46.212122525721746,-0.09757714858115918,-0.14046908995823842,0.042891941377079246,48.7348307506943,36.171998110357336,30.520000076293947,30.232500076293945,,,USK.NS,2023-10-02 11:11:48.336275
97,2023-05-12 00:00:00+05:30,30.549999237060547,30.700000762939453,30.149999618530273,30.399999618530273,192069,0.0,0.0,2023-05-12,30.247500038146974,1.3455066823996944,31.59300672054667,28.90199335574728,32.93851340294636,27.556486673347585,-79.64313249403799,,4872340,185361.82624544427,381136.4627840854,31.15687759534476,71.52775665757085,30.416666666666668,30.683333714803062,30.133332570393883,30.966667811075848,29.866665522257488,31.233334859212242,29.583331425984703,-0.23722416662472076,-53.03031353910728,-0.12401380607871104,-0.15119207530250822,0.02717826922379718,46.42723636614833,37.17068141955697,30.40999984741211,30.247500038146974,,,USK.NS,2023-10-02 11:11:48.336275
98,2023-05-11 00:00:00+05:30,30.850000381469727,31.149999618530273,30.299999237060547,30.450000762939453,214861,0.0,0.0,2023-05-11,30.322500038146973,1.3953376342288573,31.71783767237583,28.927162403918118,33.11317530660469,27.53182476968926,-77.92207524126009,,5064409,207698.97187066468,430080.1219187457,31.16474971541851,69.50784211404725,30.633333206176758,30.96666717529297,30.116666793823242,31.483333587646484,29.78333282470703,31.816667556762695,29.266666412353516,-0.24502634316996103,-52.27272070472462,-0.111663484765959,-0.15798664260845752,0.04632315784249852,46.64385926408061,38.81642590462194,30.570000076293944,30.322500038146973,,,USK.NS,2023-10-02 11:11:48.336275
99,2023-05-10 00:00:00+05:30,30.600000381469727,30.75,30.200000762939453,30.600000381469727,158624,0.0,0.0,2023-05-10,30.404999923706054,1.4509433372289924,31.855943260935046,28.954056586477062,33.30688659816404,27.50311324924807,-46.254367339104064,,5279270,154091.88763524624,485675.4094307659,31.173163711893324,72.8168033958089,30.516667048136394,30.833333333333336,30.28333409627279,31.06666628519694,29.966667811075848,31.383332570393883,29.733334859212242,-0.24260901561741294,-50.0,-0.09908381511392861,-0.16956743206908215,0.07048361695515354,47.25810822823861,40.414391876644174,30.820000076293944,30.404999923706054,,,USK.NS,2023-10-02 11:11:48.336275
100,2023-05-09 00:00:00+05:30,30.549999237060547,31.049999237060547,30.0,30.299999237060547,452280,0.0,0.0,2023-05-09,30.527499866485595,1.5670516442407105,32.094551510726305,28.960448222244885,33.66160315496702,27.393396578004175,-27.58217880552113,,5120646,435050.27475992864,568571.2898796458,31.178188634377094,73.8531141955886,30.4499994913737,30.899998982747398,29.84999974568685,31.499998728434246,29.400000254313152,31.949998219807945,28.800000508626304,-0.2936168568447811,-54.54547030866092,-0.0962494457159977,-0.18718833630787052,0.09093889059187282,45.93588629641474,42.45651033775313,31.0,30.527499866485595,,,USK.NS,2023-10-02 11:11:48.336275
101,2023-05-08 00:00:00+05:30,31.700000762939453,31.799999237060547,30.100000381469727,30.299999237060547,438829,0.0,0.0,2023-05-08,30.74749994277954,1.8216154308710855,32.569115373650625,28.925884511908457,34.39073080452171,27.10426908103737,1.4265177821001047,,5572926,422111.69413333497,601951.543659575,31.200703623052828,71.21645540713142,30.733332951863606,31.366665522257485,29.666666666666664,32.43333180745442,29.033334096272785,33.066664377848305,27.966667811075844,-0.20083840186889435,-54.54547030866092,-0.06161670179931633,-0.2099230589558387,0.14830635715652238,45.93588629641474,44.65571483433201,31.40999984741211,30.74749994277954,,,USK.NS,2023-10-02 11:11:48.336275
102,2023-05-05 00:00:00+05:30,32.0,32.04999923706055,31.149999618530273,31.200000762939453,269331,0.0,0.0,2023-05-05,30.88499994277954,1.8886153922957318,32.77361533507527,28.996384550483807,34.662230727371,27.107769158188077,38.61357597026217,,6011755,266765.9493804207,646911.5060411349,31.223680641918534,71.06327211865481,31.46666653951009,31.783333460489906,30.883333841959633,32.36666615804036,30.566666920979817,32.68333307902018,29.98333422342936,-0.10733377607241008,-40.909088281889844,-0.016342708424183172,-0.24699964824496928,0.2306569398207861,49.1213356809955,46.92681448476713,31.64000015258789,30.88499994277954,,,USK.NS,2023-10-02 11:11:48.336275
103,2023-05-04 00:00:00+05:30,31.75,32.29999923706055,31.450000762939453,31.700000762939453,273874,0.0,0.0,2023-05-04,30.89999990463257,1.892436378362959,32.79243628299553,29.00756352626961,34.68487266135849,27.11512714790665,60.95239013480209,,6281086,275612.88917299313,741947.8952063135,31.224057289645227,69.73170983650124,31.816666920979817,32.18333307902018,31.333334604899086,32.66666539510091,30.966668446858723,33.033331553141274,30.483336130777992,0.0678660151757306,-33.333333333333336,-0.04676717463009439,-0.3046638832001658,0.2578967085700714,50.94377268030684,48.29721608440801,31.84000015258789,30.89999990463257,,,USK.NS,2023-10-02 11:11:48.336275
104,2023-05-03 00:00:00+05:30,32.0,32.599998474121094,31.350000381469727,31.5,407019,0.0,0.0,2023-05-03,,,,,,,75.25422082584694,,6007212,407019.0000000002,858531.6467146436,31.216232774043984,66.67933074674153,31.81666628519694,32.283332188924156,31.03333409627279,33.06666437784831,30.566668192545574,33.53333028157552,29.78333600362142,,-36.36364687244061,-0.1342535415962942,-0.36913806034268365,0.23488451874638944,50.25831898415502,49.442426756681144,31.170000076293945,,,,USK.NS,2023-10-02 11:11:48.336275
105,2023-05-02 00:00:00+05:30,31.75,33.900001525878906,31.5,32.349998474121094,887877,0.0,0.0,2023-05-02,,,,,,,132.05563009114482,,6414231,911835.5427049913,971409.8083933044,31.209126027525183,66.72467563036133,32.583333333333336,33.66666666666667,31.266665140787765,34.98333485921224,30.18333180745443,36.06666819254558,28.86666361490886,,-23.48488657926389,-0.22453141292873724,-0.42785919002928097,0.20332777710054373,53.191439926485884,50.675730557590676,30.479999923706053,,,,USK.NS,2023-10-02 11:11:48.336275
106,2023-04-28 00:00:00+05:30,32.5,32.95000076293945,31.350000381469727,31.450000762939453,672240,0.0,0.0,2023-04-28,,,,,,,140.88401369512928,,5526354,671172.968662807,986303.3748153825,31.143196056424625,58.32792612062357,31.916667302449543,32.48333422342936,30.883333841959633,33.516667683919266,30.316666920979817,34.083334604899086,29.283333460489906,,-47.79872795453073,-0.4204244249961562,-0.47869113430441684,0.05826670930826067,50.3420652086838,51.85448399284994,29.600000381469727,,,,USK.NS,2023-10-02 11:11:48.336275
107,2023-04-27 00:00:00+05:30,29.850000381469727,33.29999923706055,29.299999237060547,32.20000076293945,2853273,0.0,0.0,2023-04-27,,,,,,,133.6395395546857,,6198594,2916679.1357737957,1065085.9763535263,31.129157912033097,59.75246436335318,31.599999745686848,33.90000025431315,29.90000025431315,35.599999745686844,27.599999745686848,37.90000025431315,25.90000025431315,,-38.3647665957309,-0.5762206366934315,-0.49325781163148197,-0.08296282506194952,52.83060109289618,53.589607616373314,29.110000228881837,,,,USK.NS,2023-10-02 11:11:48.336275
108,2023-04-26 00:00:00+05:30,28.200000762939453,28.850000381469727,28.0,28.350000381469727,320372,0.0,0.0,2023-04-26,,,,,,,-75.13912242211669,,3345321,288334.80387975305,602187.686498459,30.871069001076936,51.43205160408365,28.400000254313152,28.800000508626304,27.950000127156578,29.25000063578288,27.549999872843426,29.65000089009603,27.09999974568685,,-86.79243970259759,-0.8408200192953537,-0.47251710536599456,-0.3683029139293591,38.289962825278806,55.45820228786002,28.660000228881835,,,,USK.NS,2023-10-02 11:11:48.336275
109,2023-04-25 00:00:00+05:30,28.049999237060547,29.899999618530273,27.299999237060547,28.049999237060547,978578,0.0,0.0,2023-04-25,,,,,,,-86.35955288028248,,3024949,871400.3858223569,680650.9071531354,30.941190984065507,53.10872548412652,28.41666603088379,29.53333282470703,26.933332443237305,31.016666412353516,25.816665649414062,32.13333320617676,24.333332061767578,,-90.56603864120017,-0.787681009159197,-0.3804413768836548,-0.4072396322755422,,58.6695000429505,28.95,,,,USK.NS,2023-10-02 11:11:48.336275
110,2023-04-24 00:00:00+05:30,29.149999618530273,29.149999618530273,27.75,27.950000762939453,403319,0.0,0.0,2023-04-24,,,,,,,-102.06075819987896,,2046371,357865.59865739616,632963.53748583,31.20963075207267,,28.28333346048991,28.81666692097982,27.416667302449547,29.683333079020183,26.883333841959637,30.216666539510094,26.016667683919273,,,-0.6781668454573158,-0.27863146881476925,-0.3995353766425465,,62.12782070227872,29.020000076293947,,,,USK.NS,2023-10-02 11:11:48.336275
111,2023-04-21 00:00:00+05:30,30.299999237060547,30.350000381469727,28.399999618530273,29.0,461545,0.0,0.0,2023-04-21,,,,,,,-77.73223244929305,,2449690,424914.4444444445,701738.0221929385,31.33932984264812,,29.25,30.100000381469727,28.149999618530273,31.200000762939453,27.299999237060547,32.05000114440918,26.19999885559082,,,-0.5178319400019618,-0.17874762465413263,-0.3390843153478291,,65.0039276594132,29.4,,,,USK.NS,2023-10-02 11:11:48.336275
112,2023-04-20 00:00:00+05:30,30.5,31.399999618530273,29.299999237060547,29.950000762939453,1310287,0.0,0.0,2023-04-20,,,,,,,-54.54545254377706,,2911235,1245812.5920530048,770943.916630062,31.450930025786864,,30.21666653951009,31.133333841959633,29.033333460489906,32.31666692097981,28.116666158040363,33.23333422342936,26.93333307902018,,,-0.40811775197036226,-0.09397654581717535,-0.3141412061531869,,68.59132671658504,29.829999923706055,,,,USK.NS,2023-10-02 11:11:48.336275
113,2023-04-19 00:00:00+05:30,28.0,29.799999237060547,27.5,29.799999237060547,581991,0.0,0.0,2023-04-19,,,,,,,-111.55855243022523,,1600948,550581.9478087652,652226.7477743264,31.68604896094968,,29.03333282470703,30.566665649414062,28.266666412353516,31.333332061767578,26.733333587646484,32.86666488647461,25.96666717529297,,,-0.35502742346226057,-0.015441244278878608,-0.33958617918338196,,73.22154079151103,30.219999694824217,,,,USK.NS,2023-10-02 11:11:48.336275
114,2023-04-18 00:00:00+05:30,29.799999237060547,30.0,28.350000381469727,28.399999618530273,881170,0.0,0.0,2023-04-18,,,,,,,,,1018957,794451.6718685817,677637.9477657167,31.827091715108466,,28.916666666666668,29.48333295186361,27.833333333333336,30.56666628519694,27.266667048136394,31.133332570393883,26.183333714803062,,,-0.2669036340590907,0.06945530051696688,-0.3363589345760576,,76.10244486102702,30.679999542236327,,,,USK.NS,2023-10-02 11:11:48.336275
115,2023-04-17 00:00:00+05:30,31.049999237060547,31.049999237060547,29.649999618530273,29.850000381469727,470247,0.0,0.0,2023-04-17,,,,,,,,,1900127,445615.019980476,648434.5167400003,32.26466746948097,,30.183333079020183,30.716666539510094,29.31666692097982,31.583332697550457,28.78333346048991,32.11666615804037,27.916667302449547,,,-0.01215573467917963,0.15354503416098125,-0.16570076884016088,,79.90795808184185,31.609999465942384,,,,USK.NS,2023-10-02 11:11:48.336275
116,2023-04-13 00:00:00+05:30,31.899999618530273,32.25,30.600000381469727,31.149999618530273,470776,0.0,0.0,2023-04-13,,,,,,,,,2370374,465545.14985438756,699139.3909298815,32.441230506096005,,31.333333333333332,32.06666628519694,30.416666666666664,32.9833329518636,29.68333371480306,33.71666590372721,28.76666704813639,,,0.171379845217416,0.19497022637102146,-0.023590381153605455,,85.43544085060424,32.57999954223633,,,,USK.NS,2023-10-02 11:11:48.336275
117,2023-04-12 00:00:00+05:30,32.650001525878906,32.95000076293945,31.5,31.899999618530273,341823,0.0,0.0,2023-04-12,,,,,,,,,2841150,346163.6053842817,757537.9511987548,32.543218781233364,,32.11666679382324,32.733333587646484,31.28333282470703,33.566667556762695,30.66666603088379,34.18333435058594,29.833332061767578,,,0.2757341121136392,0.2008678216594228,0.07486629045421639,,91.15903216446333,32.95999946594238,,,,USK.NS,2023-10-02 11:11:48.336275
118,2023-04-11 00:00:00+05:30,32.75,33.45000076293945,31.5,32.099998474121094,393225,0.0,0.0,2023-04-11,,,,,,,,,3182973,400714.98095194495,860381.537652373,32.58235166050268,,32.34999974568685,33.1999994913737,31.24999872843425,34.300000508626304,30.399998982747398,35.150000254313156,29.299997965494796,,,0.3312977703048148,0.18215124904586869,0.1491465212589461,,95.41579445564766,32.87999954223633,,,,USK.NS,2023-10-02 11:11:48.336275
119,2023-04-10 00:00:00+05:30,35.20000076293945,35.25,33.0,33.04999923706055,824526,0.0,0.0,2023-04-10,,,,,,,,,3576198,865097.8943154471,975298.1768274799,32.61865103980796,,33.766666412353516,34.53333282470703,32.28333282470703,36.016666412353516,31.516666412353516,36.78333282470703,30.03333282470703,,,0.3777195700852545,0.14486461873113216,0.23285495135412232,,100.0,,,,,USK.NS,2023-10-02 11:11:48.336275
120,2023-04-06 00:00:00+05:30,34.70000076293945,34.70000076293945,33.5,34.70000076293945,972135,0.0,0.0,2023-04-06,,,,,,,,,4400724,1070891.5949739728,1002848.247455488,32.537833019025946,,34.300000508626304,35.10000101725261,33.900000254313156,35.50000127156576,33.09999974568685,36.30000178019206,32.6999994913737,,,0.3378698360285135,0.08665088089260153,0.25121895513591197,,100.0,,,,,USK.NS,2023-10-02 11:11:48.336275
121,2023-04-05 00:00:00+05:30,31.75,33.04999923706055,31.549999237060547,33.04999923706055,939603,0.0,0.0,2023-04-05,,,,,,,,,3428589,985837.4105758666,985837.4105758666,31.924776470186366,,32.54999923706055,33.54999923706055,32.04999923706055,34.04999923706055,31.049999237060547,35.04999923706055,30.549999237060547,,,0.11923071054311762,0.023846142108623528,0.0953845684344941,,100.0,,,,,USK.NS,2023-10-02 11:11:48.336275
122,2023-04-03 00:00:00+05:30,30.0,31.5,29.149999618530273,31.5,2488986,0.0,0.0,2023-04-03,,,,,,,,,2488986,,,31.5,,30.71666653951009,32.28333346048991,29.93333307902018,33.06666692097981,28.366666158040363,34.63333384195963,27.583332697550453,,,0.0,0.0,0.0,,,,,,,USK.NS,2023-10-02 11:11:48.336275
